# Eclipse Warden static diagnostic export
mtllib eclipse_warden.mtl
o Torso_Armor
usemtl Armor_Metal
v 0.590000 2.380000 -0.370000
v 0.590000 3.860000 -0.370000
v 0.590000 3.860000 0.370000
v 0.590000 2.380000 0.370000
v -0.590000 2.380000 0.370000
v -0.590000 3.860000 0.370000
v -0.590000 3.860000 -0.370000
v -0.590000 2.380000 -0.370000
v -0.590000 3.860000 -0.370000
v -0.590000 3.860000 0.370000
v 0.590000 3.860000 0.370000
v 0.590000 3.860000 -0.370000
v -0.590000 2.380000 0.370000
v -0.590000 2.380000 -0.370000
v 0.590000 2.380000 -0.370000
v 0.590000 2.380000 0.370000
v -0.590000 2.380000 0.370000
v 0.590000 2.380000 0.370000
v 0.590000 3.860000 0.370000
v -0.590000 3.860000 0.370000
v 0.590000 2.380000 -0.370000
v -0.590000 2.380000 -0.370000
v -0.590000 3.860000 -0.370000
v 0.590000 3.860000 -0.370000
v 0.475000 3.510000 -0.350000
v 0.475000 3.730000 -0.350000
v 0.475000 3.730000 0.470000
v 0.475000 3.510000 0.470000
v -0.475000 3.510000 0.470000
v -0.475000 3.730000 0.470000
v -0.475000 3.730000 -0.350000
v -0.475000 3.510000 -0.350000
v -0.475000 3.730000 -0.350000
v -0.475000 3.730000 0.470000
v 0.475000 3.730000 0.470000
v 0.475000 3.730000 -0.350000
v -0.475000 3.510000 0.470000
v -0.475000 3.510000 -0.350000
v 0.475000 3.510000 -0.350000
v 0.475000 3.510000 0.470000
v -0.475000 3.510000 0.470000
v 0.475000 3.510000 0.470000
v 0.475000 3.730000 0.470000
v -0.475000 3.730000 0.470000
v 0.475000 3.510000 -0.350000
v -0.475000 3.510000 -0.350000
v -0.475000 3.730000 -0.350000
v 0.475000 3.730000 -0.350000
vt 0.000000 0.000000
vt 1.000000 0.000000
vt 1.000000 1.000000
vt 0.000000 1.000000
vt 0.000000 0.000000
vt 1.000000 0.000000
vt 1.000000 1.000000
vt 0.000000 1.000000
vt 0.000000 0.000000
vt 1.000000 0.000000
vt 1.000000 1.000000
vt 0.000000 1.000000
vt 0.000000 0.000000
vt 1.000000 0.000000
vt 1.000000 1.000000
vt 0.000000 1.000000
vt 0.000000 0.000000
vt 1.000000 0.000000
vt 1.000000 1.000000
vt 0.000000 1.000000
vt 0.000000 0.000000
vt 1.000000 0.000000
vt 1.000000 1.000000
vt 0.000000 1.000000
vt 0.000000 0.000000
vt 1.000000 0.000000
vt 1.000000 1.000000
vt 0.000000 1.000000
vt 0.000000 0.000000
vt 1.000000 0.000000
vt 1.000000 1.000000
vt 0.000000 1.000000
vt 0.000000 0.000000
vt 1.000000 0.000000
vt 1.000000 1.000000
vt 0.000000 1.000000
vt 0.000000 0.000000
vt 1.000000 0.000000
vt 1.000000 1.000000
vt 0.000000 1.000000
vt 0.000000 0.000000
vt 1.000000 0.000000
vt 1.000000 1.000000
vt 0.000000 1.000000
vt 0.000000 0.000000
vt 1.000000 0.000000
vt 1.000000 1.000000
vt 0.000000 1.000000
vn 1.000000 0.000000 0.000000
vn 1.000000 0.000000 0.000000
vn 1.000000 0.000000 0.000000
vn 1.000000 0.000000 0.000000
vn -1.000000 0.000000 0.000000
vn -1.000000 0.000000 0.000000
vn -1.000000 0.000000 0.000000
vn -1.000000 0.000000 0.000000
vn 0.000000 1.000000 0.000000
vn 0.000000 1.000000 0.000000
vn 0.000000 1.000000 0.000000
vn 0.000000 1.000000 0.000000
vn 0.000000 -1.000000 0.000000
vn 0.000000 -1.000000 0.000000
vn 0.000000 -1.000000 0.000000
vn 0.000000 -1.000000 0.000000
vn 0.000000 0.000000 1.000000
vn 0.000000 0.000000 1.000000
vn 0.000000 0.000000 1.000000
vn 0.000000 0.000000 1.000000
vn 0.000000 0.000000 -1.000000
vn 0.000000 0.000000 -1.000000
vn 0.000000 0.000000 -1.000000
vn 0.000000 0.000000 -1.000000
vn 1.000000 0.000000 0.000000
vn 1.000000 0.000000 0.000000
vn 1.000000 0.000000 0.000000
vn 1.000000 0.000000 0.000000
vn -1.000000 0.000000 0.000000
vn -1.000000 0.000000 0.000000
vn -1.000000 0.000000 0.000000
vn -1.000000 0.000000 0.000000
vn 0.000000 1.000000 0.000000
vn 0.000000 1.000000 0.000000
vn 0.000000 1.000000 0.000000
vn 0.000000 1.000000 0.000000
vn 0.000000 -1.000000 0.000000
vn 0.000000 -1.000000 0.000000
vn 0.000000 -1.000000 0.000000
vn 0.000000 -1.000000 0.000000
vn 0.000000 0.000000 1.000000
vn 0.000000 0.000000 1.000000
vn 0.000000 0.000000 1.000000
vn 0.000000 0.000000 1.000000
vn 0.000000 0.000000 -1.000000
vn 0.000000 0.000000 -1.000000
vn 0.000000 0.000000 -1.000000
vn 0.000000 0.000000 -1.000000
f 1/1/1 2/2/2 3/3/3
f 1/1/1 3/3/3 4/4/4
f 5/5/5 6/6/6 7/7/7
f 5/5/5 7/7/7 8/8/8
f 9/9/9 10/10/10 11/11/11
f 9/9/9 11/11/11 12/12/12
f 13/13/13 14/14/14 15/15/15
f 13/13/13 15/15/15 16/16/16
f 17/17/17 18/18/18 19/19/19
f 17/17/17 19/19/19 20/20/20
f 21/21/21 22/22/22 23/23/23
f 21/21/21 23/23/23 24/24/24
f 25/25/25 26/26/26 27/27/27
f 25/25/25 27/27/27 28/28/28
f 29/29/29 30/30/30 31/31/31
f 29/29/29 31/31/31 32/32/32
f 33/33/33 34/34/34 35/35/35
f 33/33/33 35/35/35 36/36/36
f 37/37/37 38/38/38 39/39/39
f 37/37/37 39/39/39 40/40/40
f 41/41/41 42/42/42 43/43/43
f 41/41/41 43/43/43 44/44/44
f 45/45/45 46/46/46 47/47/47
f 45/45/45 47/47/47 48/48/48
o Hood
usemtl Cloth_Cape
v 0.000000 4.920000 -0.010000
v 0.000000 4.920000 -0.010000
v 0.000000 4.920000 -0.010000
v 0.000000 4.920000 -0.010000
v 0.000000 4.920000 -0.010000
v 0.000000 4.920000 -0.010000
v 0.000000 4.920000 -0.010000
v 0.000000 4.920000 -0.010000
v 0.000000 4.920000 -0.010000
v 0.000000 4.920000 -0.010000
v 0.000000 4.920000 -0.010000
v 0.000000 4.920000 -0.010000
v 0.000000 4.920000 -0.010000
v 0.000000 4.920000 -0.010000
v 0.000000 4.920000 -0.010000
v 0.000000 4.920000 -0.010000
v 0.000000 4.920000 -0.010000
v 0.000000 4.920000 -0.010000
v 0.000000 4.920000 -0.010000
v 0.000000 4.920000 -0.010000
v 0.134586 4.898874 -0.010000
v 0.127999 4.898874 0.028390
v 0.108882 4.898874 0.063022
v 0.079108 4.898874 0.090507
v 0.041589 4.898874 0.108153
v 0.000000 4.898874 0.114233
v -0.041589 4.898874 0.108153
v -0.079108 4.898874 0.090507
v -0.108882 4.898874 0.063022
v -0.127999 4.898874 0.028390
v -0.134586 4.898874 -0.010000
v -0.127999 4.898874 -0.048390
v -0.108882 4.898874 -0.083022
v -0.079108 4.898874 -0.110507
v -0.041589 4.898874 -0.128153
v -0.000000 4.898874 -0.134233
v 0.041589 4.898874 -0.128153
v 0.079108 4.898874 -0.110507
v 0.108882 4.898874 -0.083022
v 0.127999 4.898874 -0.048390
v 0.260000 4.836936 -0.010000
v 0.247275 4.836936 0.064164
v 0.210344 4.836936 0.131068
v 0.152824 4.836936 0.184164
v 0.080344 4.836936 0.218254
v 0.000000 4.836936 0.230000
v -0.080344 4.836936 0.218254
v -0.152824 4.836936 0.184164
v -0.210344 4.836936 0.131068
v -0.247275 4.836936 0.064164
v -0.260000 4.836936 -0.010000
v -0.247275 4.836936 -0.084164
v -0.210344 4.836936 -0.151068
v -0.152824 4.836936 -0.204164
v -0.080344 4.836936 -0.238254
v -0.000000 4.836936 -0.250000
v 0.080344 4.836936 -0.238254
v 0.152824 4.836936 -0.204164
v 0.210344 4.836936 -0.151068
v 0.247275 4.836936 -0.084164
v 0.367696 4.738406 -0.010000
v 0.349699 4.738406 0.094884
v 0.297472 4.738406 0.189501
v 0.216126 4.738406 0.264589
v 0.113624 4.738406 0.312799
v 0.000000 4.738406 0.329411
v -0.113624 4.738406 0.312799
v -0.216126 4.738406 0.264589
v -0.297472 4.738406 0.189501
v -0.349699 4.738406 0.094884
v -0.367696 4.738406 -0.010000
v -0.349699 4.738406 -0.114884
v -0.297472 4.738406 -0.209501
v -0.216126 4.738406 -0.284589
v -0.113624 4.738406 -0.332799
v -0.000000 4.738406 -0.349411
v 0.113624 4.738406 -0.332799
v 0.216126 4.738406 -0.284589
v 0.297472 4.738406 -0.209501
v 0.349699 4.738406 -0.114884
v 0.450333 4.610000 -0.010000
v 0.428292 4.610000 0.118456
v 0.364327 4.610000 0.234338
v 0.264699 4.610000 0.326302
v 0.139161 4.610000 0.385347
v 0.000000 4.610000 0.405692
v -0.139161 4.610000 0.385347
v -0.264699 4.610000 0.326302
v -0.364327 4.610000 0.234338
v -0.428292 4.610000 0.118456
v -0.450333 4.610000 -0.010000
v -0.428292 4.610000 -0.138456
v -0.364327 4.610000 -0.254338
v -0.264699 4.610000 -0.346302
v -0.139161 4.610000 -0.405347
v -0.000000 4.610000 -0.425692
v 0.139161 4.610000 -0.405347
v 0.264699 4.610000 -0.346302
v 0.364327 4.610000 -0.254338
v 0.428292 4.610000 -0.138456
v 0.502281 4.460468 -0.010000
v 0.477698 4.460468 0.133274
v 0.406354 4.460468 0.262523
v 0.295234 4.460468 0.365096
v 0.155213 4.460468 0.430952
v 0.000000 4.460468 0.453644
v -0.155213 4.460468 0.430952
v -0.295234 4.460468 0.365096
v -0.406354 4.460468 0.262523
v -0.477698 4.460468 0.133274
v -0.502281 4.460468 -0.010000
v -0.477698 4.460468 -0.153274
v -0.406354 4.460468 -0.282523
v -0.295234 4.460468 -0.385096
v -0.155213 4.460468 -0.450952
v -0.000000 4.460468 -0.473644
v 0.155213 4.460468 -0.450952
v 0.295234 4.460468 -0.385096
v 0.406354 4.460468 -0.282523
v 0.477698 4.460468 -0.153274
v 0.520000 4.300000 -0.010000
v 0.494549 4.300000 0.138328
v 0.420689 4.300000 0.272137
v 0.305648 4.300000 0.378328
v 0.160689 4.300000 0.446507
v 0.000000 4.300000 0.470000
v -0.160689 4.300000 0.446507
v -0.305648 4.300000 0.378328
v -0.420689 4.300000 0.272137
v -0.494549 4.300000 0.138328
v -0.520000 4.300000 -0.010000
v -0.494549 4.300000 -0.158328
v -0.420689 4.300000 -0.292137
v -0.305648 4.300000 -0.398328
v -0.160689 4.300000 -0.466507
v -0.000000 4.300000 -0.490000
v 0.160689 4.300000 -0.466507
v 0.305648 4.300000 -0.398328
v 0.420689 4.300000 -0.292137
v 0.494549 4.300000 -0.158328
v 0.502281 4.139532 -0.010000
v 0.477698 4.139532 0.133274
v 0.406354 4.139532 0.262523
v 0.295234 4.139532 0.365096
v 0.155213 4.139532 0.430952
v 0.000000 4.139532 0.453644
v -0.155213 4.139532 0.430952
v -0.295234 4.139532 0.365096
v -0.406354 4.139532 0.262523
v -0.477698 4.139532 0.133274
v -0.502281 4.139532 -0.010000
v -0.477698 4.139532 -0.153274
v -0.406354 4.139532 -0.282523
v -0.295234 4.139532 -0.385096
v -0.155213 4.139532 -0.450952
v -0.000000 4.139532 -0.473644
v 0.155213 4.139532 -0.450952
v 0.295234 4.139532 -0.385096
v 0.406354 4.139532 -0.282523
v 0.477698 4.139532 -0.153274
v 0.450333 3.990000 -0.010000
v 0.428292 3.990000 0.118456
v 0.364327 3.990000 0.234338
v 0.264699 3.990000 0.326302
v 0.139161 3.990000 0.385347
v 0.000000 3.990000 0.405692
v -0.139161 3.990000 0.385347
v -0.264699 3.990000 0.326302
v -0.364327 3.990000 0.234338
v -0.428292 3.990000 0.118456
v -0.450333 3.990000 -0.010000
v -0.428292 3.990000 -0.138456
v -0.364327 3.990000 -0.254338
v -0.264699 3.990000 -0.346302
v -0.139161 3.990000 -0.405347
v -0.000000 3.990000 -0.425692
v 0.139161 3.990000 -0.405347
v 0.264699 3.990000 -0.346302
v 0.364327 3.990000 -0.254338
v 0.428292 3.990000 -0.138456
v 0.367696 3.861594 -0.010000
v 0.349699 3.861594 0.094884
v 0.297472 3.861594 0.189501
v 0.216126 3.861594 0.264589
v 0.113624 3.861594 0.312799
v 0.000000 3.861594 0.329411
v -0.113624 3.861594 0.312799
v -0.216126 3.861594 0.264589
v -0.297472 3.861594 0.189501
v -0.349699 3.861594 0.094884
v -0.367696 3.861594 -0.010000
v -0.349699 3.861594 -0.114884
v -0.297472 3.861594 -0.209501
v -0.216126 3.861594 -0.284589
v -0.113624 3.861594 -0.332799
v -0.000000 3.861594 -0.349411
v 0.113624 3.861594 -0.332799
v 0.216126 3.861594 -0.284589
v 0.297472 3.861594 -0.209501
v 0.349699 3.861594 -0.114884
v 0.260000 3.763064 -0.010000
v 0.247275 3.763064 0.064164
v 0.210344 3.763064 0.131068
v 0.152824 3.763064 0.184164
v 0.080344 3.763064 0.218254
v 0.000000 3.763064 0.230000
v -0.080344 3.763064 0.218254
v -0.152824 3.763064 0.184164
v -0.210344 3.763064 0.131068
v -0.247275 3.763064 0.064164
v -0.260000 3.763064 -0.010000
v -0.247275 3.763064 -0.084164
v -0.210344 3.763064 -0.151068
v -0.152824 3.763064 -0.204164
v -0.080344 3.763064 -0.238254
v -0.000000 3.763064 -0.250000
v 0.080344 3.763064 -0.238254
v 0.152824 3.763064 -0.204164
v 0.210344 3.763064 -0.151068
v 0.247275 3.763064 -0.084164
v 0.134586 3.701126 -0.010000
v 0.127999 3.701126 0.028390
v 0.108882 3.701126 0.063022
v 0.079108 3.701126 0.090507
v 0.041589 3.701126 0.108153
v 0.000000 3.701126 0.114233
v -0.041589 3.701126 0.108153
v -0.079108 3.701126 0.090507
v -0.108882 3.701126 0.063022
v -0.127999 3.701126 0.028390
v -0.134586 3.701126 -0.010000
v -0.127999 3.701126 -0.048390
v -0.108882 3.701126 -0.083022
v -0.079108 3.701126 -0.110507
v -0.041589 3.701126 -0.128153
v -0.000000 3.701126 -0.134233
v 0.041589 3.701126 -0.128153
v 0.079108 3.701126 -0.110507
v 0.108882 3.701126 -0.083022
v 0.127999 3.701126 -0.048390
v 0.000000 3.680000 -0.010000
v 0.000000 3.680000 -0.010000
v 0.000000 3.680000 -0.010000
v 0.000000 3.680000 -0.010000
v 0.000000 3.680000 -0.010000
v 0.000000 3.680000 -0.010000
v -0.000000 3.680000 -0.010000
v -0.000000 3.680000 -0.010000
v -0.000000 3.680000 -0.010000
v -0.000000 3.680000 -0.010000
v -0.000000 3.680000 -0.010000
v -0.000000 3.680000 -0.010000
v -0.000000 3.680000 -0.010000
v -0.000000 3.680000 -0.010000
v -0.000000 3.680000 -0.010000
v -0.000000 3.680000 -0.010000
v 0.000000 3.680000 -0.010000
v 0.000000 3.680000 -0.010000
v 0.000000 3.680000 -0.010000
v 0.000000 3.680000 -0.010000
v 0.390000 3.820000 -0.360000
v 0.390000 4.040000 -0.360000
v 0.390000 4.040000 0.240000
v 0.390000 3.820000 0.240000
v -0.390000 3.820000 0.240000
v -0.390000 4.040000 0.240000
v -0.390000 4.040000 -0.360000
v -0.390000 3.820000 -0.360000
v -0.390000 4.040000 -0.360000
v -0.390000 4.040000 0.240000
v 0.390000 4.040000 0.240000
v 0.390000 4.040000 -0.360000
v -0.390000 3.820000 0.240000
v -0.390000 3.820000 -0.360000
v 0.390000 3.820000 -0.360000
v 0.390000 3.820000 0.240000
v -0.390000 3.820000 0.240000
v 0.390000 3.820000 0.240000
v 0.390000 4.040000 0.240000
v -0.390000 4.040000 0.240000
v 0.390000 3.820000 -0.360000
v -0.390000 3.820000 -0.360000
v -0.390000 4.040000 -0.360000
v 0.390000 4.040000 -0.360000
vt 0.000000 0.000000
vt 0.050000 0.000000
vt 0.100000 0.000000
vt 0.150000 0.000000
vt 0.200000 0.000000
vt 0.250000 0.000000
vt 0.300000 0.000000
vt 0.350000 0.000000
vt 0.400000 0.000000
vt 0.450000 0.000000
vt 0.500000 0.000000
vt 0.550000 0.000000
vt 0.600000 0.000000
vt 0.650000 0.000000
vt 0.700000 0.000000
vt 0.750000 0.000000
vt 0.800000 0.000000
vt 0.850000 0.000000
vt 0.900000 0.000000
vt 0.950000 0.000000
vt 0.000000 0.083333
vt 0.050000 0.083333
vt 0.100000 0.083333
vt 0.150000 0.083333
vt 0.200000 0.083333
vt 0.250000 0.083333
vt 0.300000 0.083333
vt 0.350000 0.083333
vt 0.400000 0.083333
vt 0.450000 0.083333
vt 0.500000 0.083333
vt 0.550000 0.083333
vt 0.600000 0.083333
vt 0.650000 0.083333
vt 0.700000 0.083333
vt 0.750000 0.083333
vt 0.800000 0.083333
vt 0.850000 0.083333
vt 0.900000 0.083333
vt 0.950000 0.083333
vt 0.000000 0.166667
vt 0.050000 0.166667
vt 0.100000 0.166667
vt 0.150000 0.166667
vt 0.200000 0.166667
vt 0.250000 0.166667
vt 0.300000 0.166667
vt 0.350000 0.166667
vt 0.400000 0.166667
vt 0.450000 0.166667
vt 0.500000 0.166667
vt 0.550000 0.166667
vt 0.600000 0.166667
vt 0.650000 0.166667
vt 0.700000 0.166667
vt 0.750000 0.166667
vt 0.800000 0.166667
vt 0.850000 0.166667
vt 0.900000 0.166667
vt 0.950000 0.166667
vt 0.000000 0.250000
vt 0.050000 0.250000
vt 0.100000 0.250000
vt 0.150000 0.250000
vt 0.200000 0.250000
vt 0.250000 0.250000
vt 0.300000 0.250000
vt 0.350000 0.250000
vt 0.400000 0.250000
vt 0.450000 0.250000
vt 0.500000 0.250000
vt 0.550000 0.250000
vt 0.600000 0.250000
vt 0.650000 0.250000
vt 0.700000 0.250000
vt 0.750000 0.250000
vt 0.800000 0.250000
vt 0.850000 0.250000
vt 0.900000 0.250000
vt 0.950000 0.250000
vt 0.000000 0.333333
vt 0.050000 0.333333
vt 0.100000 0.333333
vt 0.150000 0.333333
vt 0.200000 0.333333
vt 0.250000 0.333333
vt 0.300000 0.333333
vt 0.350000 0.333333
vt 0.400000 0.333333
vt 0.450000 0.333333
vt 0.500000 0.333333
vt 0.550000 0.333333
vt 0.600000 0.333333
vt 0.650000 0.333333
vt 0.700000 0.333333
vt 0.750000 0.333333
vt 0.800000 0.333333
vt 0.850000 0.333333
vt 0.900000 0.333333
vt 0.950000 0.333333
vt 0.000000 0.416667
vt 0.050000 0.416667
vt 0.100000 0.416667
vt 0.150000 0.416667
vt 0.200000 0.416667
vt 0.250000 0.416667
vt 0.300000 0.416667
vt 0.350000 0.416667
vt 0.400000 0.416667
vt 0.450000 0.416667
vt 0.500000 0.416667
vt 0.550000 0.416667
vt 0.600000 0.416667
vt 0.650000 0.416667
vt 0.700000 0.416667
vt 0.750000 0.416667
vt 0.800000 0.416667
vt 0.850000 0.416667
vt 0.900000 0.416667
vt 0.950000 0.416667
vt 0.000000 0.500000
vt 0.050000 0.500000
vt 0.100000 0.500000
vt 0.150000 0.500000
vt 0.200000 0.500000
vt 0.250000 0.500000
vt 0.300000 0.500000
vt 0.350000 0.500000
vt 0.400000 0.500000
vt 0.450000 0.500000
vt 0.500000 0.500000
vt 0.550000 0.500000
vt 0.600000 0.500000
vt 0.650000 0.500000
vt 0.700000 0.500000
vt 0.750000 0.500000
vt 0.800000 0.500000
vt 0.850000 0.500000
vt 0.900000 0.500000
vt 0.950000 0.500000
vt 0.000000 0.583333
vt 0.050000 0.583333
vt 0.100000 0.583333
vt 0.150000 0.583333
vt 0.200000 0.583333
vt 0.250000 0.583333
vt 0.300000 0.583333
vt 0.350000 0.583333
vt 0.400000 0.583333
vt 0.450000 0.583333
vt 0.500000 0.583333
vt 0.550000 0.583333
vt 0.600000 0.583333
vt 0.650000 0.583333
vt 0.700000 0.583333
vt 0.750000 0.583333
vt 0.800000 0.583333
vt 0.850000 0.583333
vt 0.900000 0.583333
vt 0.950000 0.583333
vt 0.000000 0.666667
vt 0.050000 0.666667
vt 0.100000 0.666667
vt 0.150000 0.666667
vt 0.200000 0.666667
vt 0.250000 0.666667
vt 0.300000 0.666667
vt 0.350000 0.666667
vt 0.400000 0.666667
vt 0.450000 0.666667
vt 0.500000 0.666667
vt 0.550000 0.666667
vt 0.600000 0.666667
vt 0.650000 0.666667
vt 0.700000 0.666667
vt 0.750000 0.666667
vt 0.800000 0.666667
vt 0.850000 0.666667
vt 0.900000 0.666667
vt 0.950000 0.666667
vt 0.000000 0.750000
vt 0.050000 0.750000
vt 0.100000 0.750000
vt 0.150000 0.750000
vt 0.200000 0.750000
vt 0.250000 0.750000
vt 0.300000 0.750000
vt 0.350000 0.750000
vt 0.400000 0.750000
vt 0.450000 0.750000
vt 0.500000 0.750000
vt 0.550000 0.750000
vt 0.600000 0.750000
vt 0.650000 0.750000
vt 0.700000 0.750000
vt 0.750000 0.750000
vt 0.800000 0.750000
vt 0.850000 0.750000
vt 0.900000 0.750000
vt 0.950000 0.750000
vt 0.000000 0.833333
vt 0.050000 0.833333
vt 0.100000 0.833333
vt 0.150000 0.833333
vt 0.200000 0.833333
vt 0.250000 0.833333
vt 0.300000 0.833333
vt 0.350000 0.833333
vt 0.400000 0.833333
vt 0.450000 0.833333
vt 0.500000 0.833333
vt 0.550000 0.833333
vt 0.600000 0.833333
vt 0.650000 0.833333
vt 0.700000 0.833333
vt 0.750000 0.833333
vt 0.800000 0.833333
vt 0.850000 0.833333
vt 0.900000 0.833333
vt 0.950000 0.833333
vt 0.000000 0.916667
vt 0.050000 0.916667
vt 0.100000 0.916667
vt 0.150000 0.916667
vt 0.200000 0.916667
vt 0.250000 0.916667
vt 0.300000 0.916667
vt 0.350000 0.916667
vt 0.400000 0.916667
vt 0.450000 0.916667
vt 0.500000 0.916667
vt 0.550000 0.916667
vt 0.600000 0.916667
vt 0.650000 0.916667
vt 0.700000 0.916667
vt 0.750000 0.916667
vt 0.800000 0.916667
vt 0.850000 0.916667
vt 0.900000 0.916667
vt 0.950000 0.916667
vt 0.000000 1.000000
vt 0.050000 1.000000
vt 0.100000 1.000000
vt 0.150000 1.000000
vt 0.200000 1.000000
vt 0.250000 1.000000
vt 0.300000 1.000000
vt 0.350000 1.000000
vt 0.400000 1.000000
vt 0.450000 1.000000
vt 0.500000 1.000000
vt 0.550000 1.000000
vt 0.600000 1.000000
vt 0.650000 1.000000
vt 0.700000 1.000000
vt 0.750000 1.000000
vt 0.800000 1.000000
vt 0.850000 1.000000
vt 0.900000 1.000000
vt 0.950000 1.000000
vt 0.000000 0.000000
vt 1.000000 0.000000
vt 1.000000 1.000000
vt 0.000000 1.000000
vt 0.000000 0.000000
vt 1.000000 0.000000
vt 1.000000 1.000000
vt 0.000000 1.000000
vt 0.000000 0.000000
vt 1.000000 0.000000
vt 1.000000 1.000000
vt 0.000000 1.000000
vt 0.000000 0.000000
vt 1.000000 0.000000
vt 1.000000 1.000000
vt 0.000000 1.000000
vt 0.000000 0.000000
vt 1.000000 0.000000
vt 1.000000 1.000000
vt 0.000000 1.000000
vt 0.000000 0.000000
vt 1.000000 0.000000
vt 1.000000 1.000000
vt 0.000000 1.000000
vn 0.000000 1.000000 0.000000
vn 0.000000 1.000000 0.000000
vn 0.000000 1.000000 0.000000
vn 0.000000 1.000000 0.000000
vn 0.000000 1.000000 0.000000
vn 0.000000 1.000000 0.000000
vn -0.000000 1.000000 0.000000
vn -0.000000 1.000000 0.000000
vn -0.000000 1.000000 0.000000
vn -0.000000 1.000000 0.000000
vn -0.000000 1.000000 0.000000
vn -0.000000 1.000000 -0.000000
vn -0.000000 1.000000 -0.000000
vn -0.000000 1.000000 -0.000000
vn -0.000000 1.000000 -0.000000
vn -0.000000 1.000000 -0.000000
vn 0.000000 1.000000 -0.000000
vn 0.000000 1.000000 -0.000000
vn 0.000000 1.000000 -0.000000
vn 0.000000 1.000000 -0.000000
vn 0.258819 0.965926 0.000000
vn 0.246152 0.965926 0.079979
vn 0.209389 0.965926 0.152130
vn 0.152130 0.965926 0.209389
vn 0.079979 0.965926 0.246152
vn 0.000000 0.965926 0.258819
vn -0.079979 0.965926 0.246152
vn -0.152130 0.965926 0.209389
vn -0.209389 0.965926 0.152130
vn -0.246152 0.965926 0.079979
vn -0.258819 0.965926 0.000000
vn -0.246152 0.965926 -0.079979
vn -0.209389 0.965926 -0.152130
vn -0.152130 0.965926 -0.209389
vn -0.079979 0.965926 -0.246152
vn -0.000000 0.965926 -0.258819
vn 0.079979 0.965926 -0.246152
vn 0.152130 0.965926 -0.209389
vn 0.209389 0.965926 -0.152130
vn 0.246152 0.965926 -0.079979
vn 0.500000 0.866025 0.000000
vn 0.475528 0.866025 0.154508
vn 0.404508 0.866025 0.293893
vn 0.293893 0.866025 0.404508
vn 0.154508 0.866025 0.475528
vn 0.000000 0.866025 0.500000
vn -0.154508 0.866025 0.475528
vn -0.293893 0.866025 0.404508
vn -0.404508 0.866025 0.293893
vn -0.475528 0.866025 0.154508
vn -0.500000 0.866025 0.000000
vn -0.475528 0.866025 -0.154508
vn -0.404508 0.866025 -0.293893
vn -0.293893 0.866025 -0.404508
vn -0.154508 0.866025 -0.475528
vn -0.000000 0.866025 -0.500000
vn 0.154508 0.866025 -0.475528
vn 0.293893 0.866025 -0.404508
vn 0.404508 0.866025 -0.293893
vn 0.475528 0.866025 -0.154508
vn 0.707107 0.707107 0.000000
vn 0.672499 0.707107 0.218508
vn 0.572061 0.707107 0.415627
vn 0.415627 0.707107 0.572061
vn 0.218508 0.707107 0.672499
vn 0.000000 0.707107 0.707107
vn -0.218508 0.707107 0.672499
vn -0.415627 0.707107 0.572061
vn -0.572061 0.707107 0.415627
vn -0.672499 0.707107 0.218508
vn -0.707107 0.707107 0.000000
vn -0.672499 0.707107 -0.218508
vn -0.572061 0.707107 -0.415627
vn -0.415627 0.707107 -0.572061
vn -0.218508 0.707107 -0.672499
vn -0.000000 0.707107 -0.707107
vn 0.218508 0.707107 -0.672499
vn 0.415627 0.707107 -0.572061
vn 0.572061 0.707107 -0.415627
vn 0.672499 0.707107 -0.218508
vn 0.866025 0.500000 0.000000
vn 0.823639 0.500000 0.267617
vn 0.700629 0.500000 0.509037
vn 0.509037 0.500000 0.700629
vn 0.267617 0.500000 0.823639
vn 0.000000 0.500000 0.866025
vn -0.267617 0.500000 0.823639
vn -0.509037 0.500000 0.700629
vn -0.700629 0.500000 0.509037
vn -0.823639 0.500000 0.267617
vn -0.866025 0.500000 0.000000
vn -0.823639 0.500000 -0.267617
vn -0.700629 0.500000 -0.509037
vn -0.509037 0.500000 -0.700629
vn -0.267617 0.500000 -0.823639
vn -0.000000 0.500000 -0.866025
vn 0.267617 0.500000 -0.823639
vn 0.509037 0.500000 -0.700629
vn 0.700629 0.500000 -0.509037
vn 0.823639 0.500000 -0.267617
vn 0.965926 0.258819 0.000000
vn 0.918650 0.258819 0.298487
vn 0.781450 0.258819 0.567757
vn 0.567757 0.258819 0.781450
vn 0.298487 0.258819 0.918650
vn 0.000000 0.258819 0.965926
vn -0.298487 0.258819 0.918650
vn -0.567757 0.258819 0.781450
vn -0.781450 0.258819 0.567757
vn -0.918650 0.258819 0.298487
vn -0.965926 0.258819 0.000000
vn -0.918650 0.258819 -0.298487
vn -0.781450 0.258819 -0.567757
vn -0.567757 0.258819 -0.781450
vn -0.298487 0.258819 -0.918650
vn -0.000000 0.258819 -0.965926
vn 0.298487 0.258819 -0.918650
vn 0.567757 0.258819 -0.781450
vn 0.781450 0.258819 -0.567757
vn 0.918650 0.258819 -0.298487
vn 1.000000 0.000000 0.000000
vn 0.951057 0.000000 0.309017
vn 0.809017 0.000000 0.587785
vn 0.587785 0.000000 0.809017
vn 0.309017 0.000000 0.951057
vn 0.000000 0.000000 1.000000
vn -0.309017 0.000000 0.951057
vn -0.587785 0.000000 0.809017
vn -0.809017 0.000000 0.587785
vn -0.951057 0.000000 0.309017
vn -1.000000 0.000000 0.000000
vn -0.951057 0.000000 -0.309017
vn -0.809017 0.000000 -0.587785
vn -0.587785 0.000000 -0.809017
vn -0.309017 0.000000 -0.951057
vn -0.000000 0.000000 -1.000000
vn 0.309017 0.000000 -0.951057
vn 0.587785 0.000000 -0.809017
vn 0.809017 0.000000 -0.587785
vn 0.951057 0.000000 -0.309017
vn 0.965926 -0.258819 0.000000
vn 0.918650 -0.258819 0.298487
vn 0.781450 -0.258819 0.567757
vn 0.567757 -0.258819 0.781450
vn 0.298487 -0.258819 0.918650
vn 0.000000 -0.258819 0.965926
vn -0.298487 -0.258819 0.918650
vn -0.567757 -0.258819 0.781450
vn -0.781450 -0.258819 0.567757
vn -0.918650 -0.258819 0.298487
vn -0.965926 -0.258819 0.000000
vn -0.918650 -0.258819 -0.298487
vn -0.781450 -0.258819 -0.567757
vn -0.567757 -0.258819 -0.781450
vn -0.298487 -0.258819 -0.918650
vn -0.000000 -0.258819 -0.965926
vn 0.298487 -0.258819 -0.918650
vn 0.567757 -0.258819 -0.781450
vn 0.781450 -0.258819 -0.567757
vn 0.918650 -0.258819 -0.298487
vn 0.866025 -0.500000 0.000000
vn 0.823639 -0.500000 0.267617
vn 0.700629 -0.500000 0.509037
vn 0.509037 -0.500000 0.700629
vn 0.267617 -0.500000 0.823639
vn 0.000000 -0.500000 0.866025
vn -0.267617 -0.500000 0.823639
vn -0.509037 -0.500000 0.700629
vn -0.700629 -0.500000 0.509037
vn -0.823639 -0.500000 0.267617
vn -0.866025 -0.500000 0.000000
vn -0.823639 -0.500000 -0.267617
vn -0.700629 -0.500000 -0.509037
vn -0.509037 -0.500000 -0.700629
vn -0.267617 -0.500000 -0.823639
vn -0.000000 -0.500000 -0.866025
vn 0.267617 -0.500000 -0.823639
vn 0.509037 -0.500000 -0.700629
vn 0.700629 -0.500000 -0.509037
vn 0.823639 -0.500000 -0.267617
vn 0.707107 -0.707107 0.000000
vn 0.672499 -0.707107 0.218508
vn 0.572061 -0.707107 0.415627
vn 0.415627 -0.707107 0.572061
vn 0.218508 -0.707107 0.672499
vn 0.000000 -0.707107 0.707107
vn -0.218508 -0.707107 0.672499
vn -0.415627 -0.707107 0.572061
vn -0.572061 -0.707107 0.415627
vn -0.672499 -0.707107 0.218508
vn -0.707107 -0.707107 0.000000
vn -0.672499 -0.707107 -0.218508
vn -0.572061 -0.707107 -0.415627
vn -0.415627 -0.707107 -0.572061
vn -0.218508 -0.707107 -0.672499
vn -0.000000 -0.707107 -0.707107
vn 0.218508 -0.707107 -0.672499
vn 0.415627 -0.707107 -0.572061
vn 0.572061 -0.707107 -0.415627
vn 0.672499 -0.707107 -0.218508
vn 0.500000 -0.866025 0.000000
vn 0.475528 -0.866025 0.154508
vn 0.404508 -0.866025 0.293893
vn 0.293893 -0.866025 0.404508
vn 0.154508 -0.866025 0.475528
vn 0.000000 -0.866025 0.500000
vn -0.154508 -0.866025 0.475528
vn -0.293893 -0.866025 0.404508
vn -0.404508 -0.866025 0.293893
vn -0.475528 -0.866025 0.154508
vn -0.500000 -0.866025 0.000000
vn -0.475528 -0.866025 -0.154508
vn -0.404508 -0.866025 -0.293893
vn -0.293893 -0.866025 -0.404508
vn -0.154508 -0.866025 -0.475528
vn -0.000000 -0.866025 -0.500000
vn 0.154508 -0.866025 -0.475528
vn 0.293893 -0.866025 -0.404508
vn 0.404508 -0.866025 -0.293893
vn 0.475528 -0.866025 -0.154508
vn 0.258819 -0.965926 0.000000
vn 0.246152 -0.965926 0.079979
vn 0.209389 -0.965926 0.152130
vn 0.152130 -0.965926 0.209389
vn 0.079979 -0.965926 0.246152
vn 0.000000 -0.965926 0.258819
vn -0.079979 -0.965926 0.246152
vn -0.152130 -0.965926 0.209389
vn -0.209389 -0.965926 0.152130
vn -0.246152 -0.965926 0.079979
vn -0.258819 -0.965926 0.000000
vn -0.246152 -0.965926 -0.079979
vn -0.209389 -0.965926 -0.152130
vn -0.152130 -0.965926 -0.209389
vn -0.079979 -0.965926 -0.246152
vn -0.000000 -0.965926 -0.258819
vn 0.079979 -0.965926 -0.246152
vn 0.152130 -0.965926 -0.209389
vn 0.209389 -0.965926 -0.152130
vn 0.246152 -0.965926 -0.079979
vn 0.000000 -1.000000 0.000000
vn 0.000000 -1.000000 0.000000
vn 0.000000 -1.000000 0.000000
vn 0.000000 -1.000000 0.000000
vn 0.000000 -1.000000 0.000000
vn 0.000000 -1.000000 0.000000
vn -0.000000 -1.000000 0.000000
vn -0.000000 -1.000000 0.000000
vn -0.000000 -1.000000 0.000000
vn -0.000000 -1.000000 0.000000
vn -0.000000 -1.000000 0.000000
vn -0.000000 -1.000000 -0.000000
vn -0.000000 -1.000000 -0.000000
vn -0.000000 -1.000000 -0.000000
vn -0.000000 -1.000000 -0.000000
vn -0.000000 -1.000000 -0.000000
vn 0.000000 -1.000000 -0.000000
vn 0.000000 -1.000000 -0.000000
vn 0.000000 -1.000000 -0.000000
vn 0.000000 -1.000000 -0.000000
vn 1.000000 0.000000 0.000000
vn 1.000000 0.000000 0.000000
vn 1.000000 0.000000 0.000000
vn 1.000000 0.000000 0.000000
vn -1.000000 0.000000 0.000000
vn -1.000000 0.000000 0.000000
vn -1.000000 0.000000 0.000000
vn -1.000000 0.000000 0.000000
vn 0.000000 1.000000 0.000000
vn 0.000000 1.000000 0.000000
vn 0.000000 1.000000 0.000000
vn 0.000000 1.000000 0.000000
vn 0.000000 -1.000000 0.000000
vn 0.000000 -1.000000 0.000000
vn 0.000000 -1.000000 0.000000
vn 0.000000 -1.000000 0.000000
vn 0.000000 0.000000 1.000000
vn 0.000000 0.000000 1.000000
vn 0.000000 0.000000 1.000000
vn 0.000000 0.000000 1.000000
vn 0.000000 0.000000 -1.000000
vn 0.000000 0.000000 -1.000000
vn 0.000000 0.000000 -1.000000
vn 0.000000 0.000000 -1.000000
f 49/49/49 50/50/50 70/70/70
f 49/49/49 70/70/70 69/69/69
f 50/50/50 51/51/51 71/71/71
f 50/50/50 71/71/71 70/70/70
f 51/51/51 52/52/52 72/72/72
f 51/51/51 72/72/72 71/71/71
f 52/52/52 53/53/53 73/73/73
f 52/52/52 73/73/73 72/72/72
f 53/53/53 54/54/54 74/74/74
f 53/53/53 74/74/74 73/73/73
f 54/54/54 55/55/55 75/75/75
f 54/54/54 75/75/75 74/74/74
f 55/55/55 56/56/56 76/76/76
f 55/55/55 76/76/76 75/75/75
f 56/56/56 57/57/57 77/77/77
f 56/56/56 77/77/77 76/76/76
f 57/57/57 58/58/58 78/78/78
f 57/57/57 78/78/78 77/77/77
f 58/58/58 59/59/59 79/79/79
f 58/58/58 79/79/79 78/78/78
f 59/59/59 60/60/60 80/80/80
f 59/59/59 80/80/80 79/79/79
f 60/60/60 61/61/61 81/81/81
f 60/60/60 81/81/81 80/80/80
f 61/61/61 62/62/62 82/82/82
f 61/61/61 82/82/82 81/81/81
f 62/62/62 63/63/63 83/83/83
f 62/62/62 83/83/83 82/82/82
f 63/63/63 64/64/64 84/84/84
f 63/63/63 84/84/84 83/83/83
f 64/64/64 65/65/65 85/85/85
f 64/64/64 85/85/85 84/84/84
f 65/65/65 66/66/66 86/86/86
f 65/65/65 86/86/86 85/85/85
f 66/66/66 67/67/67 87/87/87
f 66/66/66 87/87/87 86/86/86
f 67/67/67 68/68/68 88/88/88
f 67/67/67 88/88/88 87/87/87
f 68/68/68 49/49/49 69/69/69
f 68/68/68 69/69/69 88/88/88
f 69/69/69 70/70/70 90/90/90
f 69/69/69 90/90/90 89/89/89
f 70/70/70 71/71/71 91/91/91
f 70/70/70 91/91/91 90/90/90
f 71/71/71 72/72/72 92/92/92
f 71/71/71 92/92/92 91/91/91
f 72/72/72 73/73/73 93/93/93
f 72/72/72 93/93/93 92/92/92
f 73/73/73 74/74/74 94/94/94
f 73/73/73 94/94/94 93/93/93
f 74/74/74 75/75/75 95/95/95
f 74/74/74 95/95/95 94/94/94
f 75/75/75 76/76/76 96/96/96
f 75/75/75 96/96/96 95/95/95
f 76/76/76 77/77/77 97/97/97
f 76/76/76 97/97/97 96/96/96
f 77/77/77 78/78/78 98/98/98
f 77/77/77 98/98/98 97/97/97
f 78/78/78 79/79/79 99/99/99
f 78/78/78 99/99/99 98/98/98
f 79/79/79 80/80/80 100/100/100
f 79/79/79 100/100/100 99/99/99
f 80/80/80 81/81/81 101/101/101
f 80/80/80 101/101/101 100/100/100
f 81/81/81 82/82/82 102/102/102
f 81/81/81 102/102/102 101/101/101
f 82/82/82 83/83/83 103/103/103
f 82/82/82 103/103/103 102/102/102
f 83/83/83 84/84/84 104/104/104
f 83/83/83 104/104/104 103/103/103
f 84/84/84 85/85/85 105/105/105
f 84/84/84 105/105/105 104/104/104
f 85/85/85 86/86/86 106/106/106
f 85/85/85 106/106/106 105/105/105
f 86/86/86 87/87/87 107/107/107
f 86/86/86 107/107/107 106/106/106
f 87/87/87 88/88/88 108/108/108
f 87/87/87 108/108/108 107/107/107
f 88/88/88 69/69/69 89/89/89
f 88/88/88 89/89/89 108/108/108
f 89/89/89 90/90/90 110/110/110
f 89/89/89 110/110/110 109/109/109
f 90/90/90 91/91/91 111/111/111
f 90/90/90 111/111/111 110/110/110
f 91/91/91 92/92/92 112/112/112
f 91/91/91 112/112/112 111/111/111
f 92/92/92 93/93/93 113/113/113
f 92/92/92 113/113/113 112/112/112
f 93/93/93 94/94/94 114/114/114
f 93/93/93 114/114/114 113/113/113
f 94/94/94 95/95/95 115/115/115
f 94/94/94 115/115/115 114/114/114
f 95/95/95 96/96/96 116/116/116
f 95/95/95 116/116/116 115/115/115
f 96/96/96 97/97/97 117/117/117
f 96/96/96 117/117/117 116/116/116
f 97/97/97 98/98/98 118/118/118
f 97/97/97 118/118/118 117/117/117
f 98/98/98 99/99/99 119/119/119
f 98/98/98 119/119/119 118/118/118
f 99/99/99 100/100/100 120/120/120
f 99/99/99 120/120/120 119/119/119
f 100/100/100 101/101/101 121/121/121
f 100/100/100 121/121/121 120/120/120
f 101/101/101 102/102/102 122/122/122
f 101/101/101 122/122/122 121/121/121
f 102/102/102 103/103/103 123/123/123
f 102/102/102 123/123/123 122/122/122
f 103/103/103 104/104/104 124/124/124
f 103/103/103 124/124/124 123/123/123
f 104/104/104 105/105/105 125/125/125
f 104/104/104 125/125/125 124/124/124
f 105/105/105 106/106/106 126/126/126
f 105/105/105 126/126/126 125/125/125
f 106/106/106 107/107/107 127/127/127
f 106/106/106 127/127/127 126/126/126
f 107/107/107 108/108/108 128/128/128
f 107/107/107 128/128/128 127/127/127
f 108/108/108 89/89/89 109/109/109
f 108/108/108 109/109/109 128/128/128
f 109/109/109 110/110/110 130/130/130
f 109/109/109 130/130/130 129/129/129
f 110/110/110 111/111/111 131/131/131
f 110/110/110 131/131/131 130/130/130
f 111/111/111 112/112/112 132/132/132
f 111/111/111 132/132/132 131/131/131
f 112/112/112 113/113/113 133/133/133
f 112/112/112 133/133/133 132/132/132
f 113/113/113 114/114/114 134/134/134
f 113/113/113 134/134/134 133/133/133
f 114/114/114 115/115/115 135/135/135
f 114/114/114 135/135/135 134/134/134
f 115/115/115 116/116/116 136/136/136
f 115/115/115 136/136/136 135/135/135
f 116/116/116 117/117/117 137/137/137
f 116/116/116 137/137/137 136/136/136
f 117/117/117 118/118/118 138/138/138
f 117/117/117 138/138/138 137/137/137
f 118/118/118 119/119/119 139/139/139
f 118/118/118 139/139/139 138/138/138
f 119/119/119 120/120/120 140/140/140
f 119/119/119 140/140/140 139/139/139
f 120/120/120 121/121/121 141/141/141
f 120/120/120 141/141/141 140/140/140
f 121/121/121 122/122/122 142/142/142
f 121/121/121 142/142/142 141/141/141
f 122/122/122 123/123/123 143/143/143
f 122/122/122 143/143/143 142/142/142
f 123/123/123 124/124/124 144/144/144
f 123/123/123 144/144/144 143/143/143
f 124/124/124 125/125/125 145/145/145
f 124/124/124 145/145/145 144/144/144
f 125/125/125 126/126/126 146/146/146
f 125/125/125 146/146/146 145/145/145
f 126/126/126 127/127/127 147/147/147
f 126/126/126 147/147/147 146/146/146
f 127/127/127 128/128/128 148/148/148
f 127/127/127 148/148/148 147/147/147
f 128/128/128 109/109/109 129/129/129
f 128/128/128 129/129/129 148/148/148
f 129/129/129 130/130/130 150/150/150
f 129/129/129 150/150/150 149/149/149
f 130/130/130 131/131/131 151/151/151
f 130/130/130 151/151/151 150/150/150
f 131/131/131 132/132/132 152/152/152
f 131/131/131 152/152/152 151/151/151
f 132/132/132 133/133/133 153/153/153
f 132/132/132 153/153/153 152/152/152
f 133/133/133 134/134/134 154/154/154
f 133/133/133 154/154/154 153/153/153
f 134/134/134 135/135/135 155/155/155
f 134/134/134 155/155/155 154/154/154
f 135/135/135 136/136/136 156/156/156
f 135/135/135 156/156/156 155/155/155
f 136/136/136 137/137/137 157/157/157
f 136/136/136 157/157/157 156/156/156
f 137/137/137 138/138/138 158/158/158
f 137/137/137 158/158/158 157/157/157
f 138/138/138 139/139/139 159/159/159
f 138/138/138 159/159/159 158/158/158
f 139/139/139 140/140/140 160/160/160
f 139/139/139 160/160/160 159/159/159
f 140/140/140 141/141/141 161/161/161
f 140/140/140 161/161/161 160/160/160
f 141/141/141 142/142/142 162/162/162
f 141/141/141 162/162/162 161/161/161
f 142/142/142 143/143/143 163/163/163
f 142/142/142 163/163/163 162/162/162
f 143/143/143 144/144/144 164/164/164
f 143/143/143 164/164/164 163/163/163
f 144/144/144 145/145/145 165/165/165
f 144/144/144 165/165/165 164/164/164
f 145/145/145 146/146/146 166/166/166
f 145/145/145 166/166/166 165/165/165
f 146/146/146 147/147/147 167/167/167
f 146/146/146 167/167/167 166/166/166
f 147/147/147 148/148/148 168/168/168
f 147/147/147 168/168/168 167/167/167
f 148/148/148 129/129/129 149/149/149
f 148/148/148 149/149/149 168/168/168
f 149/149/149 150/150/150 170/170/170
f 149/149/149 170/170/170 169/169/169
f 150/150/150 151/151/151 171/171/171
f 150/150/150 171/171/171 170/170/170
f 151/151/151 152/152/152 172/172/172
f 151/151/151 172/172/172 171/171/171
f 152/152/152 153/153/153 173/173/173
f 152/152/152 173/173/173 172/172/172
f 153/153/153 154/154/154 174/174/174
f 153/153/153 174/174/174 173/173/173
f 154/154/154 155/155/155 175/175/175
f 154/154/154 175/175/175 174/174/174
f 155/155/155 156/156/156 176/176/176
f 155/155/155 176/176/176 175/175/175
f 156/156/156 157/157/157 177/177/177
f 156/156/156 177/177/177 176/176/176
f 157/157/157 158/158/158 178/178/178
f 157/157/157 178/178/178 177/177/177
f 158/158/158 159/159/159 179/179/179
f 158/158/158 179/179/179 178/178/178
f 159/159/159 160/160/160 180/180/180
f 159/159/159 180/180/180 179/179/179
f 160/160/160 161/161/161 181/181/181
f 160/160/160 181/181/181 180/180/180
f 161/161/161 162/162/162 182/182/182
f 161/161/161 182/182/182 181/181/181
f 162/162/162 163/163/163 183/183/183
f 162/162/162 183/183/183 182/182/182
f 163/163/163 164/164/164 184/184/184
f 163/163/163 184/184/184 183/183/183
f 164/164/164 165/165/165 185/185/185
f 164/164/164 185/185/185 184/184/184
f 165/165/165 166/166/166 186/186/186
f 165/165/165 186/186/186 185/185/185
f 166/166/166 167/167/167 187/187/187
f 166/166/166 187/187/187 186/186/186
f 167/167/167 168/168/168 188/188/188
f 167/167/167 188/188/188 187/187/187
f 168/168/168 149/149/149 169/169/169
f 168/168/168 169/169/169 188/188/188
f 169/169/169 170/170/170 190/190/190
f 169/169/169 190/190/190 189/189/189
f 170/170/170 171/171/171 191/191/191
f 170/170/170 191/191/191 190/190/190
f 171/171/171 172/172/172 192/192/192
f 171/171/171 192/192/192 191/191/191
f 172/172/172 173/173/173 193/193/193
f 172/172/172 193/193/193 192/192/192
f 173/173/173 174/174/174 194/194/194
f 173/173/173 194/194/194 193/193/193
f 174/174/174 175/175/175 195/195/195
f 174/174/174 195/195/195 194/194/194
f 175/175/175 176/176/176 196/196/196
f 175/175/175 196/196/196 195/195/195
f 176/176/176 177/177/177 197/197/197
f 176/176/176 197/197/197 196/196/196
f 177/177/177 178/178/178 198/198/198
f 177/177/177 198/198/198 197/197/197
f 178/178/178 179/179/179 199/199/199
f 178/178/178 199/199/199 198/198/198
f 179/179/179 180/180/180 200/200/200
f 179/179/179 200/200/200 199/199/199
f 180/180/180 181/181/181 201/201/201
f 180/180/180 201/201/201 200/200/200
f 181/181/181 182/182/182 202/202/202
f 181/181/181 202/202/202 201/201/201
f 182/182/182 183/183/183 203/203/203
f 182/182/182 203/203/203 202/202/202
f 183/183/183 184/184/184 204/204/204
f 183/183/183 204/204/204 203/203/203
f 184/184/184 185/185/185 205/205/205
f 184/184/184 205/205/205 204/204/204
f 185/185/185 186/186/186 206/206/206
f 185/185/185 206/206/206 205/205/205
f 186/186/186 187/187/187 207/207/207
f 186/186/186 207/207/207 206/206/206
f 187/187/187 188/188/188 208/208/208
f 187/187/187 208/208/208 207/207/207
f 188/188/188 169/169/169 189/189/189
f 188/188/188 189/189/189 208/208/208
f 189/189/189 190/190/190 210/210/210
f 189/189/189 210/210/210 209/209/209
f 190/190/190 191/191/191 211/211/211
f 190/190/190 211/211/211 210/210/210
f 191/191/191 192/192/192 212/212/212
f 191/191/191 212/212/212 211/211/211
f 192/192/192 193/193/193 213/213/213
f 192/192/192 213/213/213 212/212/212
f 193/193/193 194/194/194 214/214/214
f 193/193/193 214/214/214 213/213/213
f 194/194/194 195/195/195 215/215/215
f 194/194/194 215/215/215 214/214/214
f 195/195/195 196/196/196 216/216/216
f 195/195/195 216/216/216 215/215/215
f 196/196/196 197/197/197 217/217/217
f 196/196/196 217/217/217 216/216/216
f 197/197/197 198/198/198 218/218/218
f 197/197/197 218/218/218 217/217/217
f 198/198/198 199/199/199 219/219/219
f 198/198/198 219/219/219 218/218/218
f 199/199/199 200/200/200 220/220/220
f 199/199/199 220/220/220 219/219/219
f 200/200/200 201/201/201 221/221/221
f 200/200/200 221/221/221 220/220/220
f 201/201/201 202/202/202 222/222/222
f 201/201/201 222/222/222 221/221/221
f 202/202/202 203/203/203 223/223/223
f 202/202/202 223/223/223 222/222/222
f 203/203/203 204/204/204 224/224/224
f 203/203/203 224/224/224 223/223/223
f 204/204/204 205/205/205 225/225/225
f 204/204/204 225/225/225 224/224/224
f 205/205/205 206/206/206 226/226/226
f 205/205/205 226/226/226 225/225/225
f 206/206/206 207/207/207 227/227/227
f 206/206/206 227/227/227 226/226/226
f 207/207/207 208/208/208 228/228/228
f 207/207/207 228/228/228 227/227/227
f 208/208/208 189/189/189 209/209/209
f 208/208/208 209/209/209 228/228/228
f 209/209/209 210/210/210 230/230/230
f 209/209/209 230/230/230 229/229/229
f 210/210/210 211/211/211 231/231/231
f 210/210/210 231/231/231 230/230/230
f 211/211/211 212/212/212 232/232/232
f 211/211/211 232/232/232 231/231/231
f 212/212/212 213/213/213 233/233/233
f 212/212/212 233/233/233 232/232/232
f 213/213/213 214/214/214 234/234/234
f 213/213/213 234/234/234 233/233/233
f 214/214/214 215/215/215 235/235/235
f 214/214/214 235/235/235 234/234/234
f 215/215/215 216/216/216 236/236/236
f 215/215/215 236/236/236 235/235/235
f 216/216/216 217/217/217 237/237/237
f 216/216/216 237/237/237 236/236/236
f 217/217/217 218/218/218 238/238/238
f 217/217/217 238/238/238 237/237/237
f 218/218/218 219/219/219 239/239/239
f 218/218/218 239/239/239 238/238/238
f 219/219/219 220/220/220 240/240/240
f 219/219/219 240/240/240 239/239/239
f 220/220/220 221/221/221 241/241/241
f 220/220/220 241/241/241 240/240/240
f 221/221/221 222/222/222 242/242/242
f 221/221/221 242/242/242 241/241/241
f 222/222/222 223/223/223 243/243/243
f 222/222/222 243/243/243 242/242/242
f 223/223/223 224/224/224 244/244/244
f 223/223/223 244/244/244 243/243/243
f 224/224/224 225/225/225 245/245/245
f 224/224/224 245/245/245 244/244/244
f 225/225/225 226/226/226 246/246/246
f 225/225/225 246/246/246 245/245/245
f 226/226/226 227/227/227 247/247/247
f 226/226/226 247/247/247 246/246/246
f 227/227/227 228/228/228 248/248/248
f 227/227/227 248/248/248 247/247/247
f 228/228/228 209/209/209 229/229/229
f 228/228/228 229/229/229 248/248/248
f 229/229/229 230/230/230 250/250/250
f 229/229/229 250/250/250 249/249/249
f 230/230/230 231/231/231 251/251/251
f 230/230/230 251/251/251 250/250/250
f 231/231/231 232/232/232 252/252/252
f 231/231/231 252/252/252 251/251/251
f 232/232/232 233/233/233 253/253/253
f 232/232/232 253/253/253 252/252/252
f 233/233/233 234/234/234 254/254/254
f 233/233/233 254/254/254 253/253/253
f 234/234/234 235/235/235 255/255/255
f 234/234/234 255/255/255 254/254/254
f 235/235/235 236/236/236 256/256/256
f 235/235/235 256/256/256 255/255/255
f 236/236/236 237/237/237 257/257/257
f 236/236/236 257/257/257 256/256/256
f 237/237/237 238/238/238 258/258/258
f 237/237/237 258/258/258 257/257/257
f 238/238/238 239/239/239 259/259/259
f 238/238/238 259/259/259 258/258/258
f 239/239/239 240/240/240 260/260/260
f 239/239/239 260/260/260 259/259/259
f 240/240/240 241/241/241 261/261/261
f 240/240/240 261/261/261 260/260/260
f 241/241/241 242/242/242 262/262/262
f 241/241/241 262/262/262 261/261/261
f 242/242/242 243/243/243 263/263/263
f 242/242/242 263/263/263 262/262/262
f 243/243/243 244/244/244 264/264/264
f 243/243/243 264/264/264 263/263/263
f 244/244/244 245/245/245 265/265/265
f 244/244/244 265/265/265 264/264/264
f 245/245/245 246/246/246 266/266/266
f 245/245/245 266/266/266 265/265/265
f 246/246/246 247/247/247 267/267/267
f 246/246/246 267/267/267 266/266/266
f 247/247/247 248/248/248 268/268/268
f 247/247/247 268/268/268 267/267/267
f 248/248/248 229/229/229 249/249/249
f 248/248/248 249/249/249 268/268/268
f 249/249/249 250/250/250 270/270/270
f 249/249/249 270/270/270 269/269/269
f 250/250/250 251/251/251 271/271/271
f 250/250/250 271/271/271 270/270/270
f 251/251/251 252/252/252 272/272/272
f 251/251/251 272/272/272 271/271/271
f 252/252/252 253/253/253 273/273/273
f 252/252/252 273/273/273 272/272/272
f 253/253/253 254/254/254 274/274/274
f 253/253/253 274/274/274 273/273/273
f 254/254/254 255/255/255 275/275/275
f 254/254/254 275/275/275 274/274/274
f 255/255/255 256/256/256 276/276/276
f 255/255/255 276/276/276 275/275/275
f 256/256/256 257/257/257 277/277/277
f 256/256/256 277/277/277 276/276/276
f 257/257/257 258/258/258 278/278/278
f 257/257/257 278/278/278 277/277/277
f 258/258/258 259/259/259 279/279/279
f 258/258/258 279/279/279 278/278/278
f 259/259/259 260/260/260 280/280/280
f 259/259/259 280/280/280 279/279/279
f 260/260/260 261/261/261 281/281/281
f 260/260/260 281/281/281 280/280/280
f 261/261/261 262/262/262 282/282/282
f 261/261/261 282/282/282 281/281/281
f 262/262/262 263/263/263 283/283/283
f 262/262/262 283/283/283 282/282/282
f 263/263/263 264/264/264 284/284/284
f 263/263/263 284/284/284 283/283/283
f 264/264/264 265/265/265 285/285/285
f 264/264/264 285/285/285 284/284/284
f 265/265/265 266/266/266 286/286/286
f 265/265/265 286/286/286 285/285/285
f 266/266/266 267/267/267 287/287/287
f 266/266/266 287/287/287 286/286/286
f 267/267/267 268/268/268 288/288/288
f 267/267/267 288/288/288 287/287/287
f 268/268/268 249/249/249 269/269/269
f 268/268/268 269/269/269 288/288/288
f 269/269/269 270/270/270 290/290/290
f 269/269/269 290/290/290 289/289/289
f 270/270/270 271/271/271 291/291/291
f 270/270/270 291/291/291 290/290/290
f 271/271/271 272/272/272 292/292/292
f 271/271/271 292/292/292 291/291/291
f 272/272/272 273/273/273 293/293/293
f 272/272/272 293/293/293 292/292/292
f 273/273/273 274/274/274 294/294/294
f 273/273/273 294/294/294 293/293/293
f 274/274/274 275/275/275 295/295/295
f 274/274/274 295/295/295 294/294/294
f 275/275/275 276/276/276 296/296/296
f 275/275/275 296/296/296 295/295/295
f 276/276/276 277/277/277 297/297/297
f 276/276/276 297/297/297 296/296/296
f 277/277/277 278/278/278 298/298/298
f 277/277/277 298/298/298 297/297/297
f 278/278/278 279/279/279 299/299/299
f 278/278/278 299/299/299 298/298/298
f 279/279/279 280/280/280 300/300/300
f 279/279/279 300/300/300 299/299/299
f 280/280/280 281/281/281 301/301/301
f 280/280/280 301/301/301 300/300/300
f 281/281/281 282/282/282 302/302/302
f 281/281/281 302/302/302 301/301/301
f 282/282/282 283/283/283 303/303/303
f 282/282/282 303/303/303 302/302/302
f 283/283/283 284/284/284 304/304/304
f 283/283/283 304/304/304 303/303/303
f 284/284/284 285/285/285 305/305/305
f 284/284/284 305/305/305 304/304/304
f 285/285/285 286/286/286 306/306/306
f 285/285/285 306/306/306 305/305/305
f 286/286/286 287/287/287 307/307/307
f 286/286/286 307/307/307 306/306/306
f 287/287/287 288/288/288 308/308/308
f 287/287/287 308/308/308 307/307/307
f 288/288/288 269/269/269 289/289/289
f 288/288/288 289/289/289 308/308/308
f 309/309/309 310/310/310 311/311/311
f 309/309/309 311/311/311 312/312/312
f 313/313/313 314/314/314 315/315/315
f 313/313/313 315/315/315 316/316/316
f 317/317/317 318/318/318 319/319/319
f 317/317/317 319/319/319 320/320/320
f 321/321/321 322/322/322 323/323/323
f 321/321/321 323/323/323 324/324/324
f 325/325/325 326/326/326 327/327/327
f 325/325/325 327/327/327 328/328/328
f 329/329/329 330/330/330 331/331/331
f 329/329/329 331/331/331 332/332/332
o Face_Plate
usemtl Armor_Metal
v 0.250000 4.000000 0.365000
v 0.250000 4.520000 0.365000
v 0.250000 4.520000 0.495000
v 0.250000 4.000000 0.495000
v -0.250000 4.000000 0.495000
v -0.250000 4.520000 0.495000
v -0.250000 4.520000 0.365000
v -0.250000 4.000000 0.365000
v -0.250000 4.520000 0.365000
v -0.250000 4.520000 0.495000
v 0.250000 4.520000 0.495000
v 0.250000 4.520000 0.365000
v -0.250000 4.000000 0.495000
v -0.250000 4.000000 0.365000
v 0.250000 4.000000 0.365000
v 0.250000 4.000000 0.495000
v -0.250000 4.000000 0.495000
v 0.250000 4.000000 0.495000
v 0.250000 4.520000 0.495000
v -0.250000 4.520000 0.495000
v 0.250000 4.000000 0.365000
v -0.250000 4.000000 0.365000
v -0.250000 4.520000 0.365000
v 0.250000 4.520000 0.365000
v 0.120000 4.150000 0.490000
v 0.120000 4.250000 0.490000
v 0.120000 4.250000 0.530000
v 0.120000 4.150000 0.530000
v -0.120000 4.150000 0.530000
v -0.120000 4.250000 0.530000
v -0.120000 4.250000 0.490000
v -0.120000 4.150000 0.490000
v -0.120000 4.250000 0.490000
v -0.120000 4.250000 0.530000
v 0.120000 4.250000 0.530000
v 0.120000 4.250000 0.490000
v -0.120000 4.150000 0.530000
v -0.120000 4.150000 0.490000
v 0.120000 4.150000 0.490000
v 0.120000 4.150000 0.530000
v -0.120000 4.150000 0.530000
v 0.120000 4.150000 0.530000
v 0.120000 4.250000 0.530000
v -0.120000 4.250000 0.530000
v 0.120000 4.150000 0.490000
v -0.120000 4.150000 0.490000
v -0.120000 4.250000 0.490000
v 0.120000 4.250000 0.490000
vt 0.000000 0.000000
vt 1.000000 0.000000
vt 1.000000 1.000000
vt 0.000000 1.000000
vt 0.000000 0.000000
vt 1.000000 0.000000
vt 1.000000 1.000000
vt 0.000000 1.000000
vt 0.000000 0.000000
vt 1.000000 0.000000
vt 1.000000 1.000000
vt 0.000000 1.000000
vt 0.000000 0.000000
vt 1.000000 0.000000
vt 1.000000 1.000000
vt 0.000000 1.000000
vt 0.000000 0.000000
vt 1.000000 0.000000
vt 1.000000 1.000000
vt 0.000000 1.000000
vt 0.000000 0.000000
vt 1.000000 0.000000
vt 1.000000 1.000000
vt 0.000000 1.000000
vt 0.000000 0.000000
vt 1.000000 0.000000
vt 1.000000 1.000000
vt 0.000000 1.000000
vt 0.000000 0.000000
vt 1.000000 0.000000
vt 1.000000 1.000000
vt 0.000000 1.000000
vt 0.000000 0.000000
vt 1.000000 0.000000
vt 1.000000 1.000000
vt 0.000000 1.000000
vt 0.000000 0.000000
vt 1.000000 0.000000
vt 1.000000 1.000000
vt 0.000000 1.000000
vt 0.000000 0.000000
vt 1.000000 0.000000
vt 1.000000 1.000000
vt 0.000000 1.000000
vt 0.000000 0.000000
vt 1.000000 0.000000
vt 1.000000 1.000000
vt 0.000000 1.000000
vn 1.000000 0.000000 0.000000
vn 1.000000 0.000000 0.000000
vn 1.000000 0.000000 0.000000
vn 1.000000 0.000000 0.000000
vn -1.000000 0.000000 0.000000
vn -1.000000 0.000000 0.000000
vn -1.000000 0.000000 0.000000
vn -1.000000 0.000000 0.000000
vn 0.000000 1.000000 0.000000
vn 0.000000 1.000000 0.000000
vn 0.000000 1.000000 0.000000
vn 0.000000 1.000000 0.000000
vn 0.000000 -1.000000 0.000000
vn 0.000000 -1.000000 0.000000
vn 0.000000 -1.000000 0.000000
vn 0.000000 -1.000000 0.000000
vn 0.000000 0.000000 1.000000
vn 0.000000 0.000000 1.000000
vn 0.000000 0.000000 1.000000
vn 0.000000 0.000000 1.000000
vn 0.000000 0.000000 -1.000000
vn 0.000000 0.000000 -1.000000
vn 0.000000 0.000000 -1.000000
vn 0.000000 0.000000 -1.000000
vn 1.000000 0.000000 0.000000
vn 1.000000 0.000000 0.000000
vn 1.000000 0.000000 0.000000
vn 1.000000 0.000000 0.000000
vn -1.000000 0.000000 0.000000
vn -1.000000 0.000000 0.000000
vn -1.000000 0.000000 0.000000
vn -1.000000 0.000000 0.000000
vn 0.000000 1.000000 0.000000
vn 0.000000 1.000000 0.000000
vn 0.000000 1.000000 0.000000
vn 0.000000 1.000000 0.000000
vn 0.000000 -1.000000 0.000000
vn 0.000000 -1.000000 0.000000
vn 0.000000 -1.000000 0.000000
vn 0.000000 -1.000000 0.000000
vn 0.000000 0.000000 1.000000
vn 0.000000 0.000000 1.000000
vn 0.000000 0.000000 1.000000
vn 0.000000 0.000000 1.000000
vn 0.000000 0.000000 -1.000000
vn 0.000000 0.000000 -1.000000
vn 0.000000 0.000000 -1.000000
vn 0.000000 0.000000 -1.000000
f 333/333/333 334/334/334 335/335/335
f 333/333/333 335/335/335 336/336/336
f 337/337/337 338/338/338 339/339/339
f 337/337/337 339/339/339 340/340/340
f 341/341/341 342/342/342 343/343/343
f 341/341/341 343/343/343 344/344/344
f 345/345/345 346/346/346 347/347/347
f 345/345/345 347/347/347 348/348/348
f 349/349/349 350/350/350 351/351/351
f 349/349/349 351/351/351 352/352/352
f 353/353/353 354/354/354 355/355/355
f 353/353/353 355/355/355 356/356/356
f 357/357/357 358/358/358 359/359/359
f 357/357/357 359/359/359 360/360/360
f 361/361/361 362/362/362 363/363/363
f 361/361/361 363/363/363 364/364/364
f 365/365/365 366/366/366 367/367/367
f 365/365/365 367/367/367 368/368/368
f 369/369/369 370/370/370 371/371/371
f 369/369/369 371/371/371 372/372/372
f 373/373/373 374/374/374 375/375/375
f 373/373/373 375/375/375 376/376/376
f 377/377/377 378/378/378 379/379/379
f 377/377/377 379/379/379 380/380/380
o Shoulder_L
usemtl Armor_Metal
v -0.720000 3.960000 0.000000
v -0.720000 3.960000 0.000000
v -0.720000 3.960000 0.000000
v -0.720000 3.960000 0.000000
v -0.720000 3.960000 0.000000
v -0.720000 3.960000 0.000000
v -0.720000 3.960000 0.000000
v -0.720000 3.960000 0.000000
v -0.720000 3.960000 0.000000
v -0.720000 3.960000 0.000000
v -0.720000 3.960000 0.000000
v -0.720000 3.960000 0.000000
v -0.720000 3.960000 0.000000
v -0.720000 3.960000 0.000000
v -0.720000 3.960000 0.000000
v -0.720000 3.960000 0.000000
v -0.720000 3.960000 0.000000
v -0.720000 3.960000 0.000000
v -0.720000 3.960000 0.000000
v -0.720000 3.960000 0.000000
v -0.611296 3.950459 0.000000
v -0.616616 3.950459 0.038390
v -0.632057 3.950459 0.073022
v -0.656105 3.950459 0.100507
v -0.686409 3.950459 0.118153
v -0.720000 3.950459 0.124233
v -0.753591 3.950459 0.118153
v -0.783895 3.950459 0.100507
v -0.807943 3.950459 0.073022
v -0.823384 3.950459 0.038390
v -0.828704 3.950459 0.000000
v -0.823384 3.950459 -0.038390
v -0.807943 3.950459 -0.073022
v -0.783895 3.950459 -0.100507
v -0.753591 3.950459 -0.118153
v -0.720000 3.950459 -0.124233
v -0.686409 3.950459 -0.118153
v -0.656105 3.950459 -0.100507
v -0.632057 3.950459 -0.073022
v -0.616616 3.950459 -0.038390
v -0.510000 3.922487 0.000000
v -0.520278 3.922487 0.074164
v -0.550106 3.922487 0.141068
v -0.596565 3.922487 0.194164
v -0.655106 3.922487 0.228254
v -0.720000 3.922487 0.240000
v -0.784894 3.922487 0.228254
v -0.843435 3.922487 0.194164
v -0.889894 3.922487 0.141068
v -0.919722 3.922487 0.074164
v -0.930000 3.922487 0.000000
v -0.919722 3.922487 -0.074164
v -0.889894 3.922487 -0.141068
v -0.843435 3.922487 -0.194164
v -0.784894 3.922487 -0.228254
v -0.720000 3.922487 -0.240000
v -0.655106 3.922487 -0.228254
v -0.596565 3.922487 -0.194164
v -0.550106 3.922487 -0.141068
v -0.520278 3.922487 -0.074164
v -0.423015 3.877990 0.000000
v -0.437551 3.877990 0.104884
v -0.479734 3.877990 0.199501
v -0.545437 3.877990 0.274589
v -0.628227 3.877990 0.322799
v -0.720000 3.877990 0.339411
v -0.811773 3.877990 0.322799
v -0.894563 3.877990 0.274589
v -0.960266 3.877990 0.199501
v -1.002449 3.877990 0.104884
v -1.016985 3.877990 0.000000
v -1.002449 3.877990 -0.104884
v -0.960266 3.877990 -0.199501
v -0.894563 3.877990 -0.274589
v -0.811773 3.877990 -0.322799
v -0.720000 3.877990 -0.339411
v -0.628227 3.877990 -0.322799
v -0.545437 3.877990 -0.274589
v -0.479734 3.877990 -0.199501
v -0.437551 3.877990 -0.104884
v -0.356269 3.820000 0.000000
v -0.374072 3.820000 0.128456
v -0.425736 3.820000 0.244338
v -0.506204 3.820000 0.336302
v -0.607601 3.820000 0.395347
v -0.720000 3.820000 0.415692
v -0.832399 3.820000 0.395347
v -0.933796 3.820000 0.336302
v -1.014264 3.820000 0.244338
v -1.065928 3.820000 0.128456
v -1.083731 3.820000 0.000000
v -1.065928 3.820000 -0.128456
v -1.014264 3.820000 -0.244338
v -0.933796 3.820000 -0.336302
v -0.832399 3.820000 -0.395347
v -0.720000 3.820000 -0.415692
v -0.607601 3.820000 -0.395347
v -0.506204 3.820000 -0.336302
v -0.425736 3.820000 -0.244338
v -0.374072 3.820000 -0.128456
v -0.314311 3.752469 0.000000
v -0.334167 3.752469 0.143274
v -0.391791 3.752469 0.272523
v -0.481542 3.752469 0.375096
v -0.594635 3.752469 0.440952
v -0.720000 3.752469 0.463644
v -0.845365 3.752469 0.440952
v -0.958458 3.752469 0.375096
v -1.048209 3.752469 0.272523
v -1.105833 3.752469 0.143274
v -1.125689 3.752469 0.000000
v -1.105833 3.752469 -0.143274
v -1.048209 3.752469 -0.272523
v -0.958458 3.752469 -0.375096
v -0.845365 3.752469 -0.440952
v -0.720000 3.752469 -0.463644
v -0.594635 3.752469 -0.440952
v -0.481542 3.752469 -0.375096
v -0.391791 3.752469 -0.272523
v -0.334167 3.752469 -0.143274
v -0.300000 3.680000 0.000000
v -0.320556 3.680000 0.148328
v -0.380213 3.680000 0.282137
v -0.473130 3.680000 0.388328
v -0.590213 3.680000 0.456507
v -0.720000 3.680000 0.480000
v -0.849787 3.680000 0.456507
v -0.966870 3.680000 0.388328
v -1.059787 3.680000 0.282137
v -1.119444 3.680000 0.148328
v -1.140000 3.680000 0.000000
v -1.119444 3.680000 -0.148328
v -1.059787 3.680000 -0.282137
v -0.966870 3.680000 -0.388328
v -0.849787 3.680000 -0.456507
v -0.720000 3.680000 -0.480000
v -0.590213 3.680000 -0.456507
v -0.473130 3.680000 -0.388328
v -0.380213 3.680000 -0.282137
v -0.320556 3.680000 -0.148328
v -0.314311 3.607531 0.000000
v -0.334167 3.607531 0.143274
v -0.391791 3.607531 0.272523
v -0.481542 3.607531 0.375096
v -0.594635 3.607531 0.440952
v -0.720000 3.607531 0.463644
v -0.845365 3.607531 0.440952
v -0.958458 3.607531 0.375096
v -1.048209 3.607531 0.272523
v -1.105833 3.607531 0.143274
v -1.125689 3.607531 0.000000
v -1.105833 3.607531 -0.143274
v -1.048209 3.607531 -0.272523
v -0.958458 3.607531 -0.375096
v -0.845365 3.607531 -0.440952
v -0.720000 3.607531 -0.463644
v -0.594635 3.607531 -0.440952
v -0.481542 3.607531 -0.375096
v -0.391791 3.607531 -0.272523
v -0.334167 3.607531 -0.143274
v -0.356269 3.540000 0.000000
v -0.374072 3.540000 0.128456
v -0.425736 3.540000 0.244338
v -0.506204 3.540000 0.336302
v -0.607601 3.540000 0.395347
v -0.720000 3.540000 0.415692
v -0.832399 3.540000 0.395347
v -0.933796 3.540000 0.336302
v -1.014264 3.540000 0.244338
v -1.065928 3.540000 0.128456
v -1.083731 3.540000 0.000000
v -1.065928 3.540000 -0.128456
v -1.014264 3.540000 -0.244338
v -0.933796 3.540000 -0.336302
v -0.832399 3.540000 -0.395347
v -0.720000 3.540000 -0.415692
v -0.607601 3.540000 -0.395347
v -0.506204 3.540000 -0.336302
v -0.425736 3.540000 -0.244338
v -0.374072 3.540000 -0.128456
v -0.423015 3.482010 0.000000
v -0.437551 3.482010 0.104884
v -0.479734 3.482010 0.199501
v -0.545437 3.482010 0.274589
v -0.628227 3.482010 0.322799
v -0.720000 3.482010 0.339411
v -0.811773 3.482010 0.322799
v -0.894563 3.482010 0.274589
v -0.960266 3.482010 0.199501
v -1.002449 3.482010 0.104884
v -1.016985 3.482010 0.000000
v -1.002449 3.482010 -0.104884
v -0.960266 3.482010 -0.199501
v -0.894563 3.482010 -0.274589
v -0.811773 3.482010 -0.322799
v -0.720000 3.482010 -0.339411
v -0.628227 3.482010 -0.322799
v -0.545437 3.482010 -0.274589
v -0.479734 3.482010 -0.199501
v -0.437551 3.482010 -0.104884
v -0.510000 3.437513 0.000000
v -0.520278 3.437513 0.074164
v -0.550106 3.437513 0.141068
v -0.596565 3.437513 0.194164
v -0.655106 3.437513 0.228254
v -0.720000 3.437513 0.240000
v -0.784894 3.437513 0.228254
v -0.843435 3.437513 0.194164
v -0.889894 3.437513 0.141068
v -0.919722 3.437513 0.074164
v -0.930000 3.437513 0.000000
v -0.919722 3.437513 -0.074164
v -0.889894 3.437513 -0.141068
v -0.843435 3.437513 -0.194164
v -0.784894 3.437513 -0.228254
v -0.720000 3.437513 -0.240000
v -0.655106 3.437513 -0.228254
v -0.596565 3.437513 -0.194164
v -0.550106 3.437513 -0.141068
v -0.520278 3.437513 -0.074164
v -0.611296 3.409541 0.000000
v -0.616616 3.409541 0.038390
v -0.632057 3.409541 0.073022
v -0.656105 3.409541 0.100507
v -0.686409 3.409541 0.118153
v -0.720000 3.409541 0.124233
v -0.753591 3.409541 0.118153
v -0.783895 3.409541 0.100507
v -0.807943 3.409541 0.073022
v -0.823384 3.409541 0.038390
v -0.828704 3.409541 0.000000
v -0.823384 3.409541 -0.038390
v -0.807943 3.409541 -0.073022
v -0.783895 3.409541 -0.100507
v -0.753591 3.409541 -0.118153
v -0.720000 3.409541 -0.124233
v -0.686409 3.409541 -0.118153
v -0.656105 3.409541 -0.100507
v -0.632057 3.409541 -0.073022
v -0.616616 3.409541 -0.038390
v -0.720000 3.400000 0.000000
v -0.720000 3.400000 0.000000
v -0.720000 3.400000 0.000000
v -0.720000 3.400000 0.000000
v -0.720000 3.400000 0.000000
v -0.720000 3.400000 0.000000
v -0.720000 3.400000 0.000000
v -0.720000 3.400000 0.000000
v -0.720000 3.400000 0.000000
v -0.720000 3.400000 0.000000
v -0.720000 3.400000 0.000000
v -0.720000 3.400000 -0.000000
v -0.720000 3.400000 -0.000000
v -0.720000 3.400000 -0.000000
v -0.720000 3.400000 -0.000000
v -0.720000 3.400000 -0.000000
v -0.720000 3.400000 -0.000000
v -0.720000 3.400000 -0.000000
v -0.720000 3.400000 -0.000000
v -0.720000 3.400000 -0.000000
vt 0.000000 0.000000
vt 0.050000 0.000000
vt 0.100000 0.000000
vt 0.150000 0.000000
vt 0.200000 0.000000
vt 0.250000 0.000000
vt 0.300000 0.000000
vt 0.350000 0.000000
vt 0.400000 0.000000
vt 0.450000 0.000000
vt 0.500000 0.000000
vt 0.550000 0.000000
vt 0.600000 0.000000
vt 0.650000 0.000000
vt 0.700000 0.000000
vt 0.750000 0.000000
vt 0.800000 0.000000
vt 0.850000 0.000000
vt 0.900000 0.000000
vt 0.950000 0.000000
vt 0.000000 0.083333
vt 0.050000 0.083333
vt 0.100000 0.083333
vt 0.150000 0.083333
vt 0.200000 0.083333
vt 0.250000 0.083333
vt 0.300000 0.083333
vt 0.350000 0.083333
vt 0.400000 0.083333
vt 0.450000 0.083333
vt 0.500000 0.083333
vt 0.550000 0.083333
vt 0.600000 0.083333
vt 0.650000 0.083333
vt 0.700000 0.083333
vt 0.750000 0.083333
vt 0.800000 0.083333
vt 0.850000 0.083333
vt 0.900000 0.083333
vt 0.950000 0.083333
vt 0.000000 0.166667
vt 0.050000 0.166667
vt 0.100000 0.166667
vt 0.150000 0.166667
vt 0.200000 0.166667
vt 0.250000 0.166667
vt 0.300000 0.166667
vt 0.350000 0.166667
vt 0.400000 0.166667
vt 0.450000 0.166667
vt 0.500000 0.166667
vt 0.550000 0.166667
vt 0.600000 0.166667
vt 0.650000 0.166667
vt 0.700000 0.166667
vt 0.750000 0.166667
vt 0.800000 0.166667
vt 0.850000 0.166667
vt 0.900000 0.166667
vt 0.950000 0.166667
vt 0.000000 0.250000
vt 0.050000 0.250000
vt 0.100000 0.250000
vt 0.150000 0.250000
vt 0.200000 0.250000
vt 0.250000 0.250000
vt 0.300000 0.250000
vt 0.350000 0.250000
vt 0.400000 0.250000
vt 0.450000 0.250000
vt 0.500000 0.250000
vt 0.550000 0.250000
vt 0.600000 0.250000
vt 0.650000 0.250000
vt 0.700000 0.250000
vt 0.750000 0.250000
vt 0.800000 0.250000
vt 0.850000 0.250000
vt 0.900000 0.250000
vt 0.950000 0.250000
vt 0.000000 0.333333
vt 0.050000 0.333333
vt 0.100000 0.333333
vt 0.150000 0.333333
vt 0.200000 0.333333
vt 0.250000 0.333333
vt 0.300000 0.333333
vt 0.350000 0.333333
vt 0.400000 0.333333
vt 0.450000 0.333333
vt 0.500000 0.333333
vt 0.550000 0.333333
vt 0.600000 0.333333
vt 0.650000 0.333333
vt 0.700000 0.333333
vt 0.750000 0.333333
vt 0.800000 0.333333
vt 0.850000 0.333333
vt 0.900000 0.333333
vt 0.950000 0.333333
vt 0.000000 0.416667
vt 0.050000 0.416667
vt 0.100000 0.416667
vt 0.150000 0.416667
vt 0.200000 0.416667
vt 0.250000 0.416667
vt 0.300000 0.416667
vt 0.350000 0.416667
vt 0.400000 0.416667
vt 0.450000 0.416667
vt 0.500000 0.416667
vt 0.550000 0.416667
vt 0.600000 0.416667
vt 0.650000 0.416667
vt 0.700000 0.416667
vt 0.750000 0.416667
vt 0.800000 0.416667
vt 0.850000 0.416667
vt 0.900000 0.416667
vt 0.950000 0.416667
vt 0.000000 0.500000
vt 0.050000 0.500000
vt 0.100000 0.500000
vt 0.150000 0.500000
vt 0.200000 0.500000
vt 0.250000 0.500000
vt 0.300000 0.500000
vt 0.350000 0.500000
vt 0.400000 0.500000
vt 0.450000 0.500000
vt 0.500000 0.500000
vt 0.550000 0.500000
vt 0.600000 0.500000
vt 0.650000 0.500000
vt 0.700000 0.500000
vt 0.750000 0.500000
vt 0.800000 0.500000
vt 0.850000 0.500000
vt 0.900000 0.500000
vt 0.950000 0.500000
vt 0.000000 0.583333
vt 0.050000 0.583333
vt 0.100000 0.583333
vt 0.150000 0.583333
vt 0.200000 0.583333
vt 0.250000 0.583333
vt 0.300000 0.583333
vt 0.350000 0.583333
vt 0.400000 0.583333
vt 0.450000 0.583333
vt 0.500000 0.583333
vt 0.550000 0.583333
vt 0.600000 0.583333
vt 0.650000 0.583333
vt 0.700000 0.583333
vt 0.750000 0.583333
vt 0.800000 0.583333
vt 0.850000 0.583333
vt 0.900000 0.583333
vt 0.950000 0.583333
vt 0.000000 0.666667
vt 0.050000 0.666667
vt 0.100000 0.666667
vt 0.150000 0.666667
vt 0.200000 0.666667
vt 0.250000 0.666667
vt 0.300000 0.666667
vt 0.350000 0.666667
vt 0.400000 0.666667
vt 0.450000 0.666667
vt 0.500000 0.666667
vt 0.550000 0.666667
vt 0.600000 0.666667
vt 0.650000 0.666667
vt 0.700000 0.666667
vt 0.750000 0.666667
vt 0.800000 0.666667
vt 0.850000 0.666667
vt 0.900000 0.666667
vt 0.950000 0.666667
vt 0.000000 0.750000
vt 0.050000 0.750000
vt 0.100000 0.750000
vt 0.150000 0.750000
vt 0.200000 0.750000
vt 0.250000 0.750000
vt 0.300000 0.750000
vt 0.350000 0.750000
vt 0.400000 0.750000
vt 0.450000 0.750000
vt 0.500000 0.750000
vt 0.550000 0.750000
vt 0.600000 0.750000
vt 0.650000 0.750000
vt 0.700000 0.750000
vt 0.750000 0.750000
vt 0.800000 0.750000
vt 0.850000 0.750000
vt 0.900000 0.750000
vt 0.950000 0.750000
vt 0.000000 0.833333
vt 0.050000 0.833333
vt 0.100000 0.833333
vt 0.150000 0.833333
vt 0.200000 0.833333
vt 0.250000 0.833333
vt 0.300000 0.833333
vt 0.350000 0.833333
vt 0.400000 0.833333
vt 0.450000 0.833333
vt 0.500000 0.833333
vt 0.550000 0.833333
vt 0.600000 0.833333
vt 0.650000 0.833333
vt 0.700000 0.833333
vt 0.750000 0.833333
vt 0.800000 0.833333
vt 0.850000 0.833333
vt 0.900000 0.833333
vt 0.950000 0.833333
vt 0.000000 0.916667
vt 0.050000 0.916667
vt 0.100000 0.916667
vt 0.150000 0.916667
vt 0.200000 0.916667
vt 0.250000 0.916667
vt 0.300000 0.916667
vt 0.350000 0.916667
vt 0.400000 0.916667
vt 0.450000 0.916667
vt 0.500000 0.916667
vt 0.550000 0.916667
vt 0.600000 0.916667
vt 0.650000 0.916667
vt 0.700000 0.916667
vt 0.750000 0.916667
vt 0.800000 0.916667
vt 0.850000 0.916667
vt 0.900000 0.916667
vt 0.950000 0.916667
vt 0.000000 1.000000
vt 0.050000 1.000000
vt 0.100000 1.000000
vt 0.150000 1.000000
vt 0.200000 1.000000
vt 0.250000 1.000000
vt 0.300000 1.000000
vt 0.350000 1.000000
vt 0.400000 1.000000
vt 0.450000 1.000000
vt 0.500000 1.000000
vt 0.550000 1.000000
vt 0.600000 1.000000
vt 0.650000 1.000000
vt 0.700000 1.000000
vt 0.750000 1.000000
vt 0.800000 1.000000
vt 0.850000 1.000000
vt 0.900000 1.000000
vt 0.950000 1.000000
vn 0.000000 1.000000 0.000000
vn 0.000000 1.000000 0.000000
vn 0.000000 1.000000 0.000000
vn 0.000000 1.000000 0.000000
vn 0.000000 1.000000 0.000000
vn 0.000000 1.000000 0.000000
vn -0.000000 1.000000 0.000000
vn -0.000000 1.000000 0.000000
vn -0.000000 1.000000 0.000000
vn -0.000000 1.000000 0.000000
vn -0.000000 1.000000 0.000000
vn -0.000000 1.000000 -0.000000
vn -0.000000 1.000000 -0.000000
vn -0.000000 1.000000 -0.000000
vn -0.000000 1.000000 -0.000000
vn -0.000000 1.000000 -0.000000
vn 0.000000 1.000000 -0.000000
vn 0.000000 1.000000 -0.000000
vn 0.000000 1.000000 -0.000000
vn 0.000000 1.000000 -0.000000
vn 0.258819 0.965926 0.000000
vn 0.246152 0.965926 0.079979
vn 0.209389 0.965926 0.152130
vn 0.152130 0.965926 0.209389
vn 0.079979 0.965926 0.246152
vn 0.000000 0.965926 0.258819
vn -0.079979 0.965926 0.246152
vn -0.152130 0.965926 0.209389
vn -0.209389 0.965926 0.152130
vn -0.246152 0.965926 0.079979
vn -0.258819 0.965926 0.000000
vn -0.246152 0.965926 -0.079979
vn -0.209389 0.965926 -0.152130
vn -0.152130 0.965926 -0.209389
vn -0.079979 0.965926 -0.246152
vn -0.000000 0.965926 -0.258819
vn 0.079979 0.965926 -0.246152
vn 0.152130 0.965926 -0.209389
vn 0.209389 0.965926 -0.152130
vn 0.246152 0.965926 -0.079979
vn 0.500000 0.866025 0.000000
vn 0.475528 0.866025 0.154508
vn 0.404508 0.866025 0.293893
vn 0.293893 0.866025 0.404508
vn 0.154508 0.866025 0.475528
vn 0.000000 0.866025 0.500000
vn -0.154508 0.866025 0.475528
vn -0.293893 0.866025 0.404508
vn -0.404508 0.866025 0.293893
vn -0.475528 0.866025 0.154508
vn -0.500000 0.866025 0.000000
vn -0.475528 0.866025 -0.154508
vn -0.404508 0.866025 -0.293893
vn -0.293893 0.866025 -0.404508
vn -0.154508 0.866025 -0.475528
vn -0.000000 0.866025 -0.500000
vn 0.154508 0.866025 -0.475528
vn 0.293893 0.866025 -0.404508
vn 0.404508 0.866025 -0.293893
vn 0.475528 0.866025 -0.154508
vn 0.707107 0.707107 0.000000
vn 0.672499 0.707107 0.218508
vn 0.572061 0.707107 0.415627
vn 0.415627 0.707107 0.572061
vn 0.218508 0.707107 0.672499
vn 0.000000 0.707107 0.707107
vn -0.218508 0.707107 0.672499
vn -0.415627 0.707107 0.572061
vn -0.572061 0.707107 0.415627
vn -0.672499 0.707107 0.218508
vn -0.707107 0.707107 0.000000
vn -0.672499 0.707107 -0.218508
vn -0.572061 0.707107 -0.415627
vn -0.415627 0.707107 -0.572061
vn -0.218508 0.707107 -0.672499
vn -0.000000 0.707107 -0.707107
vn 0.218508 0.707107 -0.672499
vn 0.415627 0.707107 -0.572061
vn 0.572061 0.707107 -0.415627
vn 0.672499 0.707107 -0.218508
vn 0.866025 0.500000 0.000000
vn 0.823639 0.500000 0.267617
vn 0.700629 0.500000 0.509037
vn 0.509037 0.500000 0.700629
vn 0.267617 0.500000 0.823639
vn 0.000000 0.500000 0.866025
vn -0.267617 0.500000 0.823639
vn -0.509037 0.500000 0.700629
vn -0.700629 0.500000 0.509037
vn -0.823639 0.500000 0.267617
vn -0.866025 0.500000 0.000000
vn -0.823639 0.500000 -0.267617
vn -0.700629 0.500000 -0.509037
vn -0.509037 0.500000 -0.700629
vn -0.267617 0.500000 -0.823639
vn -0.000000 0.500000 -0.866025
vn 0.267617 0.500000 -0.823639
vn 0.509037 0.500000 -0.700629
vn 0.700629 0.500000 -0.509037
vn 0.823639 0.500000 -0.267617
vn 0.965926 0.258819 0.000000
vn 0.918650 0.258819 0.298487
vn 0.781450 0.258819 0.567757
vn 0.567757 0.258819 0.781450
vn 0.298487 0.258819 0.918650
vn 0.000000 0.258819 0.965926
vn -0.298487 0.258819 0.918650
vn -0.567757 0.258819 0.781450
vn -0.781450 0.258819 0.567757
vn -0.918650 0.258819 0.298487
vn -0.965926 0.258819 0.000000
vn -0.918650 0.258819 -0.298487
vn -0.781450 0.258819 -0.567757
vn -0.567757 0.258819 -0.781450
vn -0.298487 0.258819 -0.918650
vn -0.000000 0.258819 -0.965926
vn 0.298487 0.258819 -0.918650
vn 0.567757 0.258819 -0.781450
vn 0.781450 0.258819 -0.567757
vn 0.918650 0.258819 -0.298487
vn 1.000000 0.000000 0.000000
vn 0.951057 0.000000 0.309017
vn 0.809017 0.000000 0.587785
vn 0.587785 0.000000 0.809017
vn 0.309017 0.000000 0.951057
vn 0.000000 0.000000 1.000000
vn -0.309017 0.000000 0.951057
vn -0.587785 0.000000 0.809017
vn -0.809017 0.000000 0.587785
vn -0.951057 0.000000 0.309017
vn -1.000000 0.000000 0.000000
vn -0.951057 0.000000 -0.309017
vn -0.809017 0.000000 -0.587785
vn -0.587785 0.000000 -0.809017
vn -0.309017 0.000000 -0.951057
vn -0.000000 0.000000 -1.000000
vn 0.309017 0.000000 -0.951057
vn 0.587785 0.000000 -0.809017
vn 0.809017 0.000000 -0.587785
vn 0.951057 0.000000 -0.309017
vn 0.965926 -0.258819 0.000000
vn 0.918650 -0.258819 0.298487
vn 0.781450 -0.258819 0.567757
vn 0.567757 -0.258819 0.781450
vn 0.298487 -0.258819 0.918650
vn 0.000000 -0.258819 0.965926
vn -0.298487 -0.258819 0.918650
vn -0.567757 -0.258819 0.781450
vn -0.781450 -0.258819 0.567757
vn -0.918650 -0.258819 0.298487
vn -0.965926 -0.258819 0.000000
vn -0.918650 -0.258819 -0.298487
vn -0.781450 -0.258819 -0.567757
vn -0.567757 -0.258819 -0.781450
vn -0.298487 -0.258819 -0.918650
vn -0.000000 -0.258819 -0.965926
vn 0.298487 -0.258819 -0.918650
vn 0.567757 -0.258819 -0.781450
vn 0.781450 -0.258819 -0.567757
vn 0.918650 -0.258819 -0.298487
vn 0.866025 -0.500000 0.000000
vn 0.823639 -0.500000 0.267617
vn 0.700629 -0.500000 0.509037
vn 0.509037 -0.500000 0.700629
vn 0.267617 -0.500000 0.823639
vn 0.000000 -0.500000 0.866025
vn -0.267617 -0.500000 0.823639
vn -0.509037 -0.500000 0.700629
vn -0.700629 -0.500000 0.509037
vn -0.823639 -0.500000 0.267617
vn -0.866025 -0.500000 0.000000
vn -0.823639 -0.500000 -0.267617
vn -0.700629 -0.500000 -0.509037
vn -0.509037 -0.500000 -0.700629
vn -0.267617 -0.500000 -0.823639
vn -0.000000 -0.500000 -0.866025
vn 0.267617 -0.500000 -0.823639
vn 0.509037 -0.500000 -0.700629
vn 0.700629 -0.500000 -0.509037
vn 0.823639 -0.500000 -0.267617
vn 0.707107 -0.707107 0.000000
vn 0.672499 -0.707107 0.218508
vn 0.572061 -0.707107 0.415627
vn 0.415627 -0.707107 0.572061
vn 0.218508 -0.707107 0.672499
vn 0.000000 -0.707107 0.707107
vn -0.218508 -0.707107 0.672499
vn -0.415627 -0.707107 0.572061
vn -0.572061 -0.707107 0.415627
vn -0.672499 -0.707107 0.218508
vn -0.707107 -0.707107 0.000000
vn -0.672499 -0.707107 -0.218508
vn -0.572061 -0.707107 -0.415627
vn -0.415627 -0.707107 -0.572061
vn -0.218508 -0.707107 -0.672499
vn -0.000000 -0.707107 -0.707107
vn 0.218508 -0.707107 -0.672499
vn 0.415627 -0.707107 -0.572061
vn 0.572061 -0.707107 -0.415627
vn 0.672499 -0.707107 -0.218508
vn 0.500000 -0.866025 0.000000
vn 0.475528 -0.866025 0.154508
vn 0.404508 -0.866025 0.293893
vn 0.293893 -0.866025 0.404508
vn 0.154508 -0.866025 0.475528
vn 0.000000 -0.866025 0.500000
vn -0.154508 -0.866025 0.475528
vn -0.293893 -0.866025 0.404508
vn -0.404508 -0.866025 0.293893
vn -0.475528 -0.866025 0.154508
vn -0.500000 -0.866025 0.000000
vn -0.475528 -0.866025 -0.154508
vn -0.404508 -0.866025 -0.293893
vn -0.293893 -0.866025 -0.404508
vn -0.154508 -0.866025 -0.475528
vn -0.000000 -0.866025 -0.500000
vn 0.154508 -0.866025 -0.475528
vn 0.293893 -0.866025 -0.404508
vn 0.404508 -0.866025 -0.293893
vn 0.475528 -0.866025 -0.154508
vn 0.258819 -0.965926 0.000000
vn 0.246152 -0.965926 0.079979
vn 0.209389 -0.965926 0.152130
vn 0.152130 -0.965926 0.209389
vn 0.079979 -0.965926 0.246152
vn 0.000000 -0.965926 0.258819
vn -0.079979 -0.965926 0.246152
vn -0.152130 -0.965926 0.209389
vn -0.209389 -0.965926 0.152130
vn -0.246152 -0.965926 0.079979
vn -0.258819 -0.965926 0.000000
vn -0.246152 -0.965926 -0.079979
vn -0.209389 -0.965926 -0.152130
vn -0.152130 -0.965926 -0.209389
vn -0.079979 -0.965926 -0.246152
vn -0.000000 -0.965926 -0.258819
vn 0.079979 -0.965926 -0.246152
vn 0.152130 -0.965926 -0.209389
vn 0.209389 -0.965926 -0.152130
vn 0.246152 -0.965926 -0.079979
vn 0.000000 -1.000000 0.000000
vn 0.000000 -1.000000 0.000000
vn 0.000000 -1.000000 0.000000
vn 0.000000 -1.000000 0.000000
vn 0.000000 -1.000000 0.000000
vn 0.000000 -1.000000 0.000000
vn -0.000000 -1.000000 0.000000
vn -0.000000 -1.000000 0.000000
vn -0.000000 -1.000000 0.000000
vn -0.000000 -1.000000 0.000000
vn -0.000000 -1.000000 0.000000
vn -0.000000 -1.000000 -0.000000
vn -0.000000 -1.000000 -0.000000
vn -0.000000 -1.000000 -0.000000
vn -0.000000 -1.000000 -0.000000
vn -0.000000 -1.000000 -0.000000
vn 0.000000 -1.000000 -0.000000
vn 0.000000 -1.000000 -0.000000
vn 0.000000 -1.000000 -0.000000
vn 0.000000 -1.000000 -0.000000
f 381/381/381 382/382/382 402/402/402
f 381/381/381 402/402/402 401/401/401
f 382/382/382 383/383/383 403/403/403
f 382/382/382 403/403/403 402/402/402
f 383/383/383 384/384/384 404/404/404
f 383/383/383 404/404/404 403/403/403
f 384/384/384 385/385/385 405/405/405
f 384/384/384 405/405/405 404/404/404
f 385/385/385 386/386/386 406/406/406
f 385/385/385 406/406/406 405/405/405
f 386/386/386 387/387/387 407/407/407
f 386/386/386 407/407/407 406/406/406
f 387/387/387 388/388/388 408/408/408
f 387/387/387 408/408/408 407/407/407
f 388/388/388 389/389/389 409/409/409
f 388/388/388 409/409/409 408/408/408
f 389/389/389 390/390/390 410/410/410
f 389/389/389 410/410/410 409/409/409
f 390/390/390 391/391/391 411/411/411
f 390/390/390 411/411/411 410/410/410
f 391/391/391 392/392/392 412/412/412
f 391/391/391 412/412/412 411/411/411
f 392/392/392 393/393/393 413/413/413
f 392/392/392 413/413/413 412/412/412
f 393/393/393 394/394/394 414/414/414
f 393/393/393 414/414/414 413/413/413
f 394/394/394 395/395/395 415/415/415
f 394/394/394 415/415/415 414/414/414
f 395/395/395 396/396/396 416/416/416
f 395/395/395 416/416/416 415/415/415
f 396/396/396 397/397/397 417/417/417
f 396/396/396 417/417/417 416/416/416
f 397/397/397 398/398/398 418/418/418
f 397/397/397 418/418/418 417/417/417
f 398/398/398 399/399/399 419/419/419
f 398/398/398 419/419/419 418/418/418
f 399/399/399 400/400/400 420/420/420
f 399/399/399 420/420/420 419/419/419
f 400/400/400 381/381/381 401/401/401
f 400/400/400 401/401/401 420/420/420
f 401/401/401 402/402/402 422/422/422
f 401/401/401 422/422/422 421/421/421
f 402/402/402 403/403/403 423/423/423
f 402/402/402 423/423/423 422/422/422
f 403/403/403 404/404/404 424/424/424
f 403/403/403 424/424/424 423/423/423
f 404/404/404 405/405/405 425/425/425
f 404/404/404 425/425/425 424/424/424
f 405/405/405 406/406/406 426/426/426
f 405/405/405 426/426/426 425/425/425
f 406/406/406 407/407/407 427/427/427
f 406/406/406 427/427/427 426/426/426
f 407/407/407 408/408/408 428/428/428
f 407/407/407 428/428/428 427/427/427
f 408/408/408 409/409/409 429/429/429
f 408/408/408 429/429/429 428/428/428
f 409/409/409 410/410/410 430/430/430
f 409/409/409 430/430/430 429/429/429
f 410/410/410 411/411/411 431/431/431
f 410/410/410 431/431/431 430/430/430
f 411/411/411 412/412/412 432/432/432
f 411/411/411 432/432/432 431/431/431
f 412/412/412 413/413/413 433/433/433
f 412/412/412 433/433/433 432/432/432
f 413/413/413 414/414/414 434/434/434
f 413/413/413 434/434/434 433/433/433
f 414/414/414 415/415/415 435/435/435
f 414/414/414 435/435/435 434/434/434
f 415/415/415 416/416/416 436/436/436
f 415/415/415 436/436/436 435/435/435
f 416/416/416 417/417/417 437/437/437
f 416/416/416 437/437/437 436/436/436
f 417/417/417 418/418/418 438/438/438
f 417/417/417 438/438/438 437/437/437
f 418/418/418 419/419/419 439/439/439
f 418/418/418 439/439/439 438/438/438
f 419/419/419 420/420/420 440/440/440
f 419/419/419 440/440/440 439/439/439
f 420/420/420 401/401/401 421/421/421
f 420/420/420 421/421/421 440/440/440
f 421/421/421 422/422/422 442/442/442
f 421/421/421 442/442/442 441/441/441
f 422/422/422 423/423/423 443/443/443
f 422/422/422 443/443/443 442/442/442
f 423/423/423 424/424/424 444/444/444
f 423/423/423 444/444/444 443/443/443
f 424/424/424 425/425/425 445/445/445
f 424/424/424 445/445/445 444/444/444
f 425/425/425 426/426/426 446/446/446
f 425/425/425 446/446/446 445/445/445
f 426/426/426 427/427/427 447/447/447
f 426/426/426 447/447/447 446/446/446
f 427/427/427 428/428/428 448/448/448
f 427/427/427 448/448/448 447/447/447
f 428/428/428 429/429/429 449/449/449
f 428/428/428 449/449/449 448/448/448
f 429/429/429 430/430/430 450/450/450
f 429/429/429 450/450/450 449/449/449
f 430/430/430 431/431/431 451/451/451
f 430/430/430 451/451/451 450/450/450
f 431/431/431 432/432/432 452/452/452
f 431/431/431 452/452/452 451/451/451
f 432/432/432 433/433/433 453/453/453
f 432/432/432 453/453/453 452/452/452
f 433/433/433 434/434/434 454/454/454
f 433/433/433 454/454/454 453/453/453
f 434/434/434 435/435/435 455/455/455
f 434/434/434 455/455/455 454/454/454
f 435/435/435 436/436/436 456/456/456
f 435/435/435 456/456/456 455/455/455
f 436/436/436 437/437/437 457/457/457
f 436/436/436 457/457/457 456/456/456
f 437/437/437 438/438/438 458/458/458
f 437/437/437 458/458/458 457/457/457
f 438/438/438 439/439/439 459/459/459
f 438/438/438 459/459/459 458/458/458
f 439/439/439 440/440/440 460/460/460
f 439/439/439 460/460/460 459/459/459
f 440/440/440 421/421/421 441/441/441
f 440/440/440 441/441/441 460/460/460
f 441/441/441 442/442/442 462/462/462
f 441/441/441 462/462/462 461/461/461
f 442/442/442 443/443/443 463/463/463
f 442/442/442 463/463/463 462/462/462
f 443/443/443 444/444/444 464/464/464
f 443/443/443 464/464/464 463/463/463
f 444/444/444 445/445/445 465/465/465
f 444/444/444 465/465/465 464/464/464
f 445/445/445 446/446/446 466/466/466
f 445/445/445 466/466/466 465/465/465
f 446/446/446 447/447/447 467/467/467
f 446/446/446 467/467/467 466/466/466
f 447/447/447 448/448/448 468/468/468
f 447/447/447 468/468/468 467/467/467
f 448/448/448 449/449/449 469/469/469
f 448/448/448 469/469/469 468/468/468
f 449/449/449 450/450/450 470/470/470
f 449/449/449 470/470/470 469/469/469
f 450/450/450 451/451/451 471/471/471
f 450/450/450 471/471/471 470/470/470
f 451/451/451 452/452/452 472/472/472
f 451/451/451 472/472/472 471/471/471
f 452/452/452 453/453/453 473/473/473
f 452/452/452 473/473/473 472/472/472
f 453/453/453 454/454/454 474/474/474
f 453/453/453 474/474/474 473/473/473
f 454/454/454 455/455/455 475/475/475
f 454/454/454 475/475/475 474/474/474
f 455/455/455 456/456/456 476/476/476
f 455/455/455 476/476/476 475/475/475
f 456/456/456 457/457/457 477/477/477
f 456/456/456 477/477/477 476/476/476
f 457/457/457 458/458/458 478/478/478
f 457/457/457 478/478/478 477/477/477
f 458/458/458 459/459/459 479/479/479
f 458/458/458 479/479/479 478/478/478
f 459/459/459 460/460/460 480/480/480
f 459/459/459 480/480/480 479/479/479
f 460/460/460 441/441/441 461/461/461
f 460/460/460 461/461/461 480/480/480
f 461/461/461 462/462/462 482/482/482
f 461/461/461 482/482/482 481/481/481
f 462/462/462 463/463/463 483/483/483
f 462/462/462 483/483/483 482/482/482
f 463/463/463 464/464/464 484/484/484
f 463/463/463 484/484/484 483/483/483
f 464/464/464 465/465/465 485/485/485
f 464/464/464 485/485/485 484/484/484
f 465/465/465 466/466/466 486/486/486
f 465/465/465 486/486/486 485/485/485
f 466/466/466 467/467/467 487/487/487
f 466/466/466 487/487/487 486/486/486
f 467/467/467 468/468/468 488/488/488
f 467/467/467 488/488/488 487/487/487
f 468/468/468 469/469/469 489/489/489
f 468/468/468 489/489/489 488/488/488
f 469/469/469 470/470/470 490/490/490
f 469/469/469 490/490/490 489/489/489
f 470/470/470 471/471/471 491/491/491
f 470/470/470 491/491/491 490/490/490
f 471/471/471 472/472/472 492/492/492
f 471/471/471 492/492/492 491/491/491
f 472/472/472 473/473/473 493/493/493
f 472/472/472 493/493/493 492/492/492
f 473/473/473 474/474/474 494/494/494
f 473/473/473 494/494/494 493/493/493
f 474/474/474 475/475/475 495/495/495
f 474/474/474 495/495/495 494/494/494
f 475/475/475 476/476/476 496/496/496
f 475/475/475 496/496/496 495/495/495
f 476/476/476 477/477/477 497/497/497
f 476/476/476 497/497/497 496/496/496
f 477/477/477 478/478/478 498/498/498
f 477/477/477 498/498/498 497/497/497
f 478/478/478 479/479/479 499/499/499
f 478/478/478 499/499/499 498/498/498
f 479/479/479 480/480/480 500/500/500
f 479/479/479 500/500/500 499/499/499
f 480/480/480 461/461/461 481/481/481
f 480/480/480 481/481/481 500/500/500
f 481/481/481 482/482/482 502/502/502
f 481/481/481 502/502/502 501/501/501
f 482/482/482 483/483/483 503/503/503
f 482/482/482 503/503/503 502/502/502
f 483/483/483 484/484/484 504/504/504
f 483/483/483 504/504/504 503/503/503
f 484/484/484 485/485/485 505/505/505
f 484/484/484 505/505/505 504/504/504
f 485/485/485 486/486/486 506/506/506
f 485/485/485 506/506/506 505/505/505
f 486/486/486 487/487/487 507/507/507
f 486/486/486 507/507/507 506/506/506
f 487/487/487 488/488/488 508/508/508
f 487/487/487 508/508/508 507/507/507
f 488/488/488 489/489/489 509/509/509
f 488/488/488 509/509/509 508/508/508
f 489/489/489 490/490/490 510/510/510
f 489/489/489 510/510/510 509/509/509
f 490/490/490 491/491/491 511/511/511
f 490/490/490 511/511/511 510/510/510
f 491/491/491 492/492/492 512/512/512
f 491/491/491 512/512/512 511/511/511
f 492/492/492 493/493/493 513/513/513
f 492/492/492 513/513/513 512/512/512
f 493/493/493 494/494/494 514/514/514
f 493/493/493 514/514/514 513/513/513
f 494/494/494 495/495/495 515/515/515
f 494/494/494 515/515/515 514/514/514
f 495/495/495 496/496/496 516/516/516
f 495/495/495 516/516/516 515/515/515
f 496/496/496 497/497/497 517/517/517
f 496/496/496 517/517/517 516/516/516
f 497/497/497 498/498/498 518/518/518
f 497/497/497 518/518/518 517/517/517
f 498/498/498 499/499/499 519/519/519
f 498/498/498 519/519/519 518/518/518
f 499/499/499 500/500/500 520/520/520
f 499/499/499 520/520/520 519/519/519
f 500/500/500 481/481/481 501/501/501
f 500/500/500 501/501/501 520/520/520
f 501/501/501 502/502/502 522/522/522
f 501/501/501 522/522/522 521/521/521
f 502/502/502 503/503/503 523/523/523
f 502/502/502 523/523/523 522/522/522
f 503/503/503 504/504/504 524/524/524
f 503/503/503 524/524/524 523/523/523
f 504/504/504 505/505/505 525/525/525
f 504/504/504 525/525/525 524/524/524
f 505/505/505 506/506/506 526/526/526
f 505/505/505 526/526/526 525/525/525
f 506/506/506 507/507/507 527/527/527
f 506/506/506 527/527/527 526/526/526
f 507/507/507 508/508/508 528/528/528
f 507/507/507 528/528/528 527/527/527
f 508/508/508 509/509/509 529/529/529
f 508/508/508 529/529/529 528/528/528
f 509/509/509 510/510/510 530/530/530
f 509/509/509 530/530/530 529/529/529
f 510/510/510 511/511/511 531/531/531
f 510/510/510 531/531/531 530/530/530
f 511/511/511 512/512/512 532/532/532
f 511/511/511 532/532/532 531/531/531
f 512/512/512 513/513/513 533/533/533
f 512/512/512 533/533/533 532/532/532
f 513/513/513 514/514/514 534/534/534
f 513/513/513 534/534/534 533/533/533
f 514/514/514 515/515/515 535/535/535
f 514/514/514 535/535/535 534/534/534
f 515/515/515 516/516/516 536/536/536
f 515/515/515 536/536/536 535/535/535
f 516/516/516 517/517/517 537/537/537
f 516/516/516 537/537/537 536/536/536
f 517/517/517 518/518/518 538/538/538
f 517/517/517 538/538/538 537/537/537
f 518/518/518 519/519/519 539/539/539
f 518/518/518 539/539/539 538/538/538
f 519/519/519 520/520/520 540/540/540
f 519/519/519 540/540/540 539/539/539
f 520/520/520 501/501/501 521/521/521
f 520/520/520 521/521/521 540/540/540
f 521/521/521 522/522/522 542/542/542
f 521/521/521 542/542/542 541/541/541
f 522/522/522 523/523/523 543/543/543
f 522/522/522 543/543/543 542/542/542
f 523/523/523 524/524/524 544/544/544
f 523/523/523 544/544/544 543/543/543
f 524/524/524 525/525/525 545/545/545
f 524/524/524 545/545/545 544/544/544
f 525/525/525 526/526/526 546/546/546
f 525/525/525 546/546/546 545/545/545
f 526/526/526 527/527/527 547/547/547
f 526/526/526 547/547/547 546/546/546
f 527/527/527 528/528/528 548/548/548
f 527/527/527 548/548/548 547/547/547
f 528/528/528 529/529/529 549/549/549
f 528/528/528 549/549/549 548/548/548
f 529/529/529 530/530/530 550/550/550
f 529/529/529 550/550/550 549/549/549
f 530/530/530 531/531/531 551/551/551
f 530/530/530 551/551/551 550/550/550
f 531/531/531 532/532/532 552/552/552
f 531/531/531 552/552/552 551/551/551
f 532/532/532 533/533/533 553/553/553
f 532/532/532 553/553/553 552/552/552
f 533/533/533 534/534/534 554/554/554
f 533/533/533 554/554/554 553/553/553
f 534/534/534 535/535/535 555/555/555
f 534/534/534 555/555/555 554/554/554
f 535/535/535 536/536/536 556/556/556
f 535/535/535 556/556/556 555/555/555
f 536/536/536 537/537/537 557/557/557
f 536/536/536 557/557/557 556/556/556
f 537/537/537 538/538/538 558/558/558
f 537/537/537 558/558/558 557/557/557
f 538/538/538 539/539/539 559/559/559
f 538/538/538 559/559/559 558/558/558
f 539/539/539 540/540/540 560/560/560
f 539/539/539 560/560/560 559/559/559
f 540/540/540 521/521/521 541/541/541
f 540/540/540 541/541/541 560/560/560
f 541/541/541 542/542/542 562/562/562
f 541/541/541 562/562/562 561/561/561
f 542/542/542 543/543/543 563/563/563
f 542/542/542 563/563/563 562/562/562
f 543/543/543 544/544/544 564/564/564
f 543/543/543 564/564/564 563/563/563
f 544/544/544 545/545/545 565/565/565
f 544/544/544 565/565/565 564/564/564
f 545/545/545 546/546/546 566/566/566
f 545/545/545 566/566/566 565/565/565
f 546/546/546 547/547/547 567/567/567
f 546/546/546 567/567/567 566/566/566
f 547/547/547 548/548/548 568/568/568
f 547/547/547 568/568/568 567/567/567
f 548/548/548 549/549/549 569/569/569
f 548/548/548 569/569/569 568/568/568
f 549/549/549 550/550/550 570/570/570
f 549/549/549 570/570/570 569/569/569
f 550/550/550 551/551/551 571/571/571
f 550/550/550 571/571/571 570/570/570
f 551/551/551 552/552/552 572/572/572
f 551/551/551 572/572/572 571/571/571
f 552/552/552 553/553/553 573/573/573
f 552/552/552 573/573/573 572/572/572
f 553/553/553 554/554/554 574/574/574
f 553/553/553 574/574/574 573/573/573
f 554/554/554 555/555/555 575/575/575
f 554/554/554 575/575/575 574/574/574
f 555/555/555 556/556/556 576/576/576
f 555/555/555 576/576/576 575/575/575
f 556/556/556 557/557/557 577/577/577
f 556/556/556 577/577/577 576/576/576
f 557/557/557 558/558/558 578/578/578
f 557/557/557 578/578/578 577/577/577
f 558/558/558 559/559/559 579/579/579
f 558/558/558 579/579/579 578/578/578
f 559/559/559 560/560/560 580/580/580
f 559/559/559 580/580/580 579/579/579
f 560/560/560 541/541/541 561/561/561
f 560/560/560 561/561/561 580/580/580
f 561/561/561 562/562/562 582/582/582
f 561/561/561 582/582/582 581/581/581
f 562/562/562 563/563/563 583/583/583
f 562/562/562 583/583/583 582/582/582
f 563/563/563 564/564/564 584/584/584
f 563/563/563 584/584/584 583/583/583
f 564/564/564 565/565/565 585/585/585
f 564/564/564 585/585/585 584/584/584
f 565/565/565 566/566/566 586/586/586
f 565/565/565 586/586/586 585/585/585
f 566/566/566 567/567/567 587/587/587
f 566/566/566 587/587/587 586/586/586
f 567/567/567 568/568/568 588/588/588
f 567/567/567 588/588/588 587/587/587
f 568/568/568 569/569/569 589/589/589
f 568/568/568 589/589/589 588/588/588
f 569/569/569 570/570/570 590/590/590
f 569/569/569 590/590/590 589/589/589
f 570/570/570 571/571/571 591/591/591
f 570/570/570 591/591/591 590/590/590
f 571/571/571 572/572/572 592/592/592
f 571/571/571 592/592/592 591/591/591
f 572/572/572 573/573/573 593/593/593
f 572/572/572 593/593/593 592/592/592
f 573/573/573 574/574/574 594/594/594
f 573/573/573 594/594/594 593/593/593
f 574/574/574 575/575/575 595/595/595
f 574/574/574 595/595/595 594/594/594
f 575/575/575 576/576/576 596/596/596
f 575/575/575 596/596/596 595/595/595
f 576/576/576 577/577/577 597/597/597
f 576/576/576 597/597/597 596/596/596
f 577/577/577 578/578/578 598/598/598
f 577/577/577 598/598/598 597/597/597
f 578/578/578 579/579/579 599/599/599
f 578/578/578 599/599/599 598/598/598
f 579/579/579 580/580/580 600/600/600
f 579/579/579 600/600/600 599/599/599
f 580/580/580 561/561/561 581/581/581
f 580/580/580 581/581/581 600/600/600
f 581/581/581 582/582/582 602/602/602
f 581/581/581 602/602/602 601/601/601
f 582/582/582 583/583/583 603/603/603
f 582/582/582 603/603/603 602/602/602
f 583/583/583 584/584/584 604/604/604
f 583/583/583 604/604/604 603/603/603
f 584/584/584 585/585/585 605/605/605
f 584/584/584 605/605/605 604/604/604
f 585/585/585 586/586/586 606/606/606
f 585/585/585 606/606/606 605/605/605
f 586/586/586 587/587/587 607/607/607
f 586/586/586 607/607/607 606/606/606
f 587/587/587 588/588/588 608/608/608
f 587/587/587 608/608/608 607/607/607
f 588/588/588 589/589/589 609/609/609
f 588/588/588 609/609/609 608/608/608
f 589/589/589 590/590/590 610/610/610
f 589/589/589 610/610/610 609/609/609
f 590/590/590 591/591/591 611/611/611
f 590/590/590 611/611/611 610/610/610
f 591/591/591 592/592/592 612/612/612
f 591/591/591 612/612/612 611/611/611
f 592/592/592 593/593/593 613/613/613
f 592/592/592 613/613/613 612/612/612
f 593/593/593 594/594/594 614/614/614
f 593/593/593 614/614/614 613/613/613
f 594/594/594 595/595/595 615/615/615
f 594/594/594 615/615/615 614/614/614
f 595/595/595 596/596/596 616/616/616
f 595/595/595 616/616/616 615/615/615
f 596/596/596 597/597/597 617/617/617
f 596/596/596 617/617/617 616/616/616
f 597/597/597 598/598/598 618/618/618
f 597/597/597 618/618/618 617/617/617
f 598/598/598 599/599/599 619/619/619
f 598/598/598 619/619/619 618/618/618
f 599/599/599 600/600/600 620/620/620
f 599/599/599 620/620/620 619/619/619
f 600/600/600 581/581/581 601/601/601
f 600/600/600 601/601/601 620/620/620
f 601/601/601 602/602/602 622/622/622
f 601/601/601 622/622/622 621/621/621
f 602/602/602 603/603/603 623/623/623
f 602/602/602 623/623/623 622/622/622
f 603/603/603 604/604/604 624/624/624
f 603/603/603 624/624/624 623/623/623
f 604/604/604 605/605/605 625/625/625
f 604/604/604 625/625/625 624/624/624
f 605/605/605 606/606/606 626/626/626
f 605/605/605 626/626/626 625/625/625
f 606/606/606 607/607/607 627/627/627
f 606/606/606 627/627/627 626/626/626
f 607/607/607 608/608/608 628/628/628
f 607/607/607 628/628/628 627/627/627
f 608/608/608 609/609/609 629/629/629
f 608/608/608 629/629/629 628/628/628
f 609/609/609 610/610/610 630/630/630
f 609/609/609 630/630/630 629/629/629
f 610/610/610 611/611/611 631/631/631
f 610/610/610 631/631/631 630/630/630
f 611/611/611 612/612/612 632/632/632
f 611/611/611 632/632/632 631/631/631
f 612/612/612 613/613/613 633/633/633
f 612/612/612 633/633/633 632/632/632
f 613/613/613 614/614/614 634/634/634
f 613/613/613 634/634/634 633/633/633
f 614/614/614 615/615/615 635/635/635
f 614/614/614 635/635/635 634/634/634
f 615/615/615 616/616/616 636/636/636
f 615/615/615 636/636/636 635/635/635
f 616/616/616 617/617/617 637/637/637
f 616/616/616 637/637/637 636/636/636
f 617/617/617 618/618/618 638/638/638
f 617/617/617 638/638/638 637/637/637
f 618/618/618 619/619/619 639/639/639
f 618/618/618 639/639/639 638/638/638
f 619/619/619 620/620/620 640/640/640
f 619/619/619 640/640/640 639/639/639
f 620/620/620 601/601/601 621/621/621
f 620/620/620 621/621/621 640/640/640
o UpperArm_Armor_L
usemtl Armor_Metal
v -0.750000 2.910000 -0.230000
v -0.750000 3.690000 -0.230000
v -0.750000 3.690000 0.230000
v -0.750000 2.910000 0.230000
v -1.130000 2.910000 0.230000
v -1.130000 3.690000 0.230000
v -1.130000 3.690000 -0.230000
v -1.130000 2.910000 -0.230000
v -1.130000 3.690000 -0.230000
v -1.130000 3.690000 0.230000
v -0.750000 3.690000 0.230000
v -0.750000 3.690000 -0.230000
v -1.130000 2.910000 0.230000
v -1.130000 2.910000 -0.230000
v -0.750000 2.910000 -0.230000
v -0.750000 2.910000 0.230000
v -1.130000 2.910000 0.230000
v -0.750000 2.910000 0.230000
v -0.750000 3.690000 0.230000
v -1.130000 3.690000 0.230000
v -0.750000 2.910000 -0.230000
v -1.130000 2.910000 -0.230000
v -1.130000 3.690000 -0.230000
v -0.750000 3.690000 -0.230000
vt 0.000000 0.000000
vt 1.000000 0.000000
vt 1.000000 1.000000
vt 0.000000 1.000000
vt 0.000000 0.000000
vt 1.000000 0.000000
vt 1.000000 1.000000
vt 0.000000 1.000000
vt 0.000000 0.000000
vt 1.000000 0.000000
vt 1.000000 1.000000
vt 0.000000 1.000000
vt 0.000000 0.000000
vt 1.000000 0.000000
vt 1.000000 1.000000
vt 0.000000 1.000000
vt 0.000000 0.000000
vt 1.000000 0.000000
vt 1.000000 1.000000
vt 0.000000 1.000000
vt 0.000000 0.000000
vt 1.000000 0.000000
vt 1.000000 1.000000
vt 0.000000 1.000000
vn 1.000000 0.000000 0.000000
vn 1.000000 0.000000 0.000000
vn 1.000000 0.000000 0.000000
vn 1.000000 0.000000 0.000000
vn -1.000000 0.000000 0.000000
vn -1.000000 0.000000 0.000000
vn -1.000000 0.000000 0.000000
vn -1.000000 0.000000 0.000000
vn 0.000000 1.000000 0.000000
vn 0.000000 1.000000 0.000000
vn 0.000000 1.000000 0.000000
vn 0.000000 1.000000 0.000000
vn 0.000000 -1.000000 0.000000
vn 0.000000 -1.000000 0.000000
vn 0.000000 -1.000000 0.000000
vn 0.000000 -1.000000 0.000000
vn 0.000000 0.000000 1.000000
vn 0.000000 0.000000 1.000000
vn 0.000000 0.000000 1.000000
vn 0.000000 0.000000 1.000000
vn 0.000000 0.000000 -1.000000
vn 0.000000 0.000000 -1.000000
vn 0.000000 0.000000 -1.000000
vn 0.000000 0.000000 -1.000000
f 641/641/641 642/642/642 643/643/643
f 641/641/641 643/643/643 644/644/644
f 645/645/645 646/646/646 647/647/647
f 645/645/645 647/647/647 648/648/648
f 649/649/649 650/650/650 651/651/651
f 649/649/649 651/651/651 652/652/652
f 653/653/653 654/654/654 655/655/655
f 653/653/653 655/655/655 656/656/656
f 657/657/657 658/658/658 659/659/659
f 657/657/657 659/659/659 660/660/660
f 661/661/661 662/662/662 663/663/663
f 661/661/661 663/663/663 664/664/664
o Gauntlet_L
usemtl Armor_Metal
v -0.920000 2.380000 -0.140000
v -0.920000 2.880000 -0.140000
v -0.920000 2.880000 0.300000
v -0.920000 2.380000 0.300000
v -1.280000 2.380000 0.300000
v -1.280000 2.880000 0.300000
v -1.280000 2.880000 -0.140000
v -1.280000 2.380000 -0.140000
v -1.280000 2.880000 -0.140000
v -1.280000 2.880000 0.300000
v -0.920000 2.880000 0.300000
v -0.920000 2.880000 -0.140000
v -1.280000 2.380000 0.300000
v -1.280000 2.380000 -0.140000
v -0.920000 2.380000 -0.140000
v -0.920000 2.380000 0.300000
v -1.280000 2.380000 0.300000
v -0.920000 2.380000 0.300000
v -0.920000 2.880000 0.300000
v -1.280000 2.880000 0.300000
v -0.920000 2.380000 -0.140000
v -1.280000 2.380000 -0.140000
v -1.280000 2.880000 -0.140000
v -0.920000 2.880000 -0.140000
v -0.960000 2.300000 0.080000
v -0.970657 2.300000 0.133576
v -0.970657 2.460000 0.133576
v -0.960000 2.460000 0.080000
v -0.970657 2.300000 0.133576
v -1.001005 2.300000 0.178995
v -1.001005 2.460000 0.178995
v -0.970657 2.460000 0.133576
v -1.001005 2.300000 0.178995
v -1.046424 2.300000 0.209343
v -1.046424 2.460000 0.209343
v -1.001005 2.460000 0.178995
v -1.046424 2.300000 0.209343
v -1.100000 2.300000 0.220000
v -1.100000 2.460000 0.220000
v -1.046424 2.460000 0.209343
v -1.100000 2.300000 0.220000
v -1.153576 2.300000 0.209343
v -1.153576 2.460000 0.209343
v -1.100000 2.460000 0.220000
v -1.153576 2.300000 0.209343
v -1.198995 2.300000 0.178995
v -1.198995 2.460000 0.178995
v -1.153576 2.460000 0.209343
v -1.198995 2.300000 0.178995
v -1.229343 2.300000 0.133576
v -1.229343 2.460000 0.133576
v -1.198995 2.460000 0.178995
v -1.229343 2.300000 0.133576
v -1.240000 2.300000 0.080000
v -1.240000 2.460000 0.080000
v -1.229343 2.460000 0.133576
v -1.240000 2.300000 0.080000
v -1.229343 2.300000 0.026424
v -1.229343 2.460000 0.026424
v -1.240000 2.460000 0.080000
v -1.229343 2.300000 0.026424
v -1.198995 2.300000 -0.018995
v -1.198995 2.460000 -0.018995
v -1.229343 2.460000 0.026424
v -1.198995 2.300000 -0.018995
v -1.153576 2.300000 -0.049343
v -1.153576 2.460000 -0.049343
v -1.198995 2.460000 -0.018995
v -1.153576 2.300000 -0.049343
v -1.100000 2.300000 -0.060000
v -1.100000 2.460000 -0.060000
v -1.153576 2.460000 -0.049343
v -1.100000 2.300000 -0.060000
v -1.046424 2.300000 -0.049343
v -1.046424 2.460000 -0.049343
v -1.100000 2.460000 -0.060000
v -1.046424 2.300000 -0.049343
v -1.001005 2.300000 -0.018995
v -1.001005 2.460000 -0.018995
v -1.046424 2.460000 -0.049343
v -1.001005 2.300000 -0.018995
v -0.970657 2.300000 0.026424
v -0.970657 2.460000 0.026424
v -1.001005 2.460000 -0.018995
v -0.970657 2.300000 0.026424
v -0.960000 2.300000 0.080000
v -0.960000 2.460000 0.080000
v -0.970657 2.460000 0.026424
v -1.100000 2.460000 0.080000
v -1.100000 2.300000 0.080000
v -0.960000 2.460000 0.080000
v -0.970657 2.460000 0.133576
v -0.960000 2.300000 0.080000
v -0.970657 2.300000 0.133576
v -0.970657 2.460000 0.133576
v -1.001005 2.460000 0.178995
v -0.970657 2.300000 0.133576
v -1.001005 2.300000 0.178995
v -1.001005 2.460000 0.178995
v -1.046424 2.460000 0.209343
v -1.001005 2.300000 0.178995
v -1.046424 2.300000 0.209343
v -1.046424 2.460000 0.209343
v -1.100000 2.460000 0.220000
v -1.046424 2.300000 0.209343
v -1.100000 2.300000 0.220000
v -1.100000 2.460000 0.220000
v -1.153576 2.460000 0.209343
v -1.100000 2.300000 0.220000
v -1.153576 2.300000 0.209343
v -1.153576 2.460000 0.209343
v -1.198995 2.460000 0.178995
v -1.153576 2.300000 0.209343
v -1.198995 2.300000 0.178995
v -1.198995 2.460000 0.178995
v -1.229343 2.460000 0.133576
v -1.198995 2.300000 0.178995
v -1.229343 2.300000 0.133576
v -1.229343 2.460000 0.133576
v -1.240000 2.460000 0.080000
v -1.229343 2.300000 0.133576
v -1.240000 2.300000 0.080000
v -1.240000 2.460000 0.080000
v -1.229343 2.460000 0.026424
v -1.240000 2.300000 0.080000
v -1.229343 2.300000 0.026424
v -1.229343 2.460000 0.026424
v -1.198995 2.460000 -0.018995
v -1.229343 2.300000 0.026424
v -1.198995 2.300000 -0.018995
v -1.198995 2.460000 -0.018995
v -1.153576 2.460000 -0.049343
v -1.198995 2.300000 -0.018995
v -1.153576 2.300000 -0.049343
v -1.153576 2.460000 -0.049343
v -1.100000 2.460000 -0.060000
v -1.153576 2.300000 -0.049343
v -1.100000 2.300000 -0.060000
v -1.100000 2.460000 -0.060000
v -1.046424 2.460000 -0.049343
v -1.100000 2.300000 -0.060000
v -1.046424 2.300000 -0.049343
v -1.046424 2.460000 -0.049343
v -1.001005 2.460000 -0.018995
v -1.046424 2.300000 -0.049343
v -1.001005 2.300000 -0.018995
v -1.001005 2.460000 -0.018995
v -0.970657 2.460000 0.026424
v -1.001005 2.300000 -0.018995
v -0.970657 2.300000 0.026424
v -0.970657 2.460000 0.026424
v -0.960000 2.460000 0.080000
v -0.970657 2.300000 0.026424
v -0.960000 2.300000 0.080000
vt 0.000000 0.000000
vt 1.000000 0.000000
vt 1.000000 1.000000
vt 0.000000 1.000000
vt 0.000000 0.000000
vt 1.000000 0.000000
vt 1.000000 1.000000
vt 0.000000 1.000000
vt 0.000000 0.000000
vt 1.000000 0.000000
vt 1.000000 1.000000
vt 0.000000 1.000000
vt 0.000000 0.000000
vt 1.000000 0.000000
vt 1.000000 1.000000
vt 0.000000 1.000000
vt 0.000000 0.000000
vt 1.000000 0.000000
vt 1.000000 1.000000
vt 0.000000 1.000000
vt 0.000000 0.000000
vt 1.000000 0.000000
vt 1.000000 1.000000
vt 0.000000 1.000000
vt 0.000000 0.000000
vt 0.062500 0.000000
vt 0.062500 1.000000
vt 0.000000 1.000000
vt 0.062500 0.000000
vt 0.125000 0.000000
vt 0.125000 1.000000
vt 0.062500 1.000000
vt 0.125000 0.000000
vt 0.187500 0.000000
vt 0.187500 1.000000
vt 0.125000 1.000000
vt 0.187500 0.000000
vt 0.250000 0.000000
vt 0.250000 1.000000
vt 0.187500 1.000000
vt 0.250000 0.000000
vt 0.312500 0.000000
vt 0.312500 1.000000
vt 0.250000 1.000000
vt 0.312500 0.000000
vt 0.375000 0.000000
vt 0.375000 1.000000
vt 0.312500 1.000000
vt 0.375000 0.000000
vt 0.437500 0.000000
vt 0.437500 1.000000
vt 0.375000 1.000000
vt 0.437500 0.000000
vt 0.500000 0.000000
vt 0.500000 1.000000
vt 0.437500 1.000000
vt 0.500000 0.000000
vt 0.562500 0.000000
vt 0.562500 1.000000
vt 0.500000 1.000000
vt 0.562500 0.000000
vt 0.625000 0.000000
vt 0.625000 1.000000
vt 0.562500 1.000000
vt 0.625000 0.000000
vt 0.687500 0.000000
vt 0.687500 1.000000
vt 0.625000 1.000000
vt 0.687500 0.000000
vt 0.750000 0.000000
vt 0.750000 1.000000
vt 0.687500 1.000000
vt 0.750000 0.000000
vt 0.812500 0.000000
vt 0.812500 1.000000
vt 0.750000 1.000000
vt 0.812500 0.000000
vt 0.875000 0.000000
vt 0.875000 1.000000
vt 0.812500 1.000000
vt 0.875000 0.000000
vt 0.937500 0.000000
vt 0.937500 1.000000
vt 0.875000 1.000000
vt 0.937500 0.000000
vt 1.000000 0.000000
vt 1.000000 1.000000
vt 0.937500 1.000000
vt 0.500000 0.500000
vt 0.500000 0.500000
vt 1.000000 0.500000
vt 0.961940 0.691342
vt 1.000000 0.500000
vt 0.961940 0.691342
vt 0.961940 0.691342
vt 0.853553 0.853553
vt 0.961940 0.691342
vt 0.853553 0.853553
vt 0.853553 0.853553
vt 0.691342 0.961940
vt 0.853553 0.853553
vt 0.691342 0.961940
vt 0.691342 0.961940
vt 0.500000 1.000000
vt 0.691342 0.961940
vt 0.500000 1.000000
vt 0.500000 1.000000
vt 0.308658 0.961940
vt 0.500000 1.000000
vt 0.308658 0.961940
vt 0.308658 0.961940
vt 0.146447 0.853553
vt 0.308658 0.961940
vt 0.146447 0.853553
vt 0.146447 0.853553
vt 0.038060 0.691342
vt 0.146447 0.853553
vt 0.038060 0.691342
vt 0.038060 0.691342
vt 0.000000 0.500000
vt 0.038060 0.691342
vt 0.000000 0.500000
vt 0.000000 0.500000
vt 0.038060 0.308658
vt 0.000000 0.500000
vt 0.038060 0.308658
vt 0.038060 0.308658
vt 0.146447 0.146447
vt 0.038060 0.308658
vt 0.146447 0.146447
vt 0.146447 0.146447
vt 0.308658 0.038060
vt 0.146447 0.146447
vt 0.308658 0.038060
vt 0.308658 0.038060
vt 0.500000 0.000000
vt 0.308658 0.038060
vt 0.500000 0.000000
vt 0.500000 0.000000
vt 0.691342 0.038060
vt 0.500000 0.000000
vt 0.691342 0.038060
vt 0.691342 0.038060
vt 0.853553 0.146447
vt 0.691342 0.038060
vt 0.853553 0.146447
vt 0.853553 0.146447
vt 0.961940 0.308658
vt 0.853553 0.146447
vt 0.961940 0.308658
vt 0.961940 0.308658
vt 1.000000 0.500000
vt 0.961940 0.308658
vt 1.000000 0.500000
vn 1.000000 0.000000 0.000000
vn 1.000000 0.000000 0.000000
vn 1.000000 0.000000 0.000000
vn 1.000000 0.000000 0.000000
vn -1.000000 0.000000 0.000000
vn -1.000000 0.000000 0.000000
vn -1.000000 0.000000 0.000000
vn -1.000000 0.000000 0.000000
vn 0.000000 1.000000 0.000000
vn 0.000000 1.000000 0.000000
vn 0.000000 1.000000 0.000000
vn 0.000000 1.000000 0.000000
vn 0.000000 -1.000000 0.000000
vn 0.000000 -1.000000 0.000000
vn 0.000000 -1.000000 0.000000
vn 0.000000 -1.000000 0.000000
vn 0.000000 0.000000 1.000000
vn 0.000000 0.000000 1.000000
vn 0.000000 0.000000 1.000000
vn 0.000000 0.000000 1.000000
vn 0.000000 0.000000 -1.000000
vn 0.000000 0.000000 -1.000000
vn 0.000000 0.000000 -1.000000
vn 0.000000 0.000000 -1.000000
vn 1.000000 0.000000 0.000000
vn 0.923880 0.000000 0.382683
vn 0.923880 0.000000 0.382683
vn 1.000000 0.000000 0.000000
vn 0.923880 0.000000 0.382683
vn 0.707107 0.000000 0.707107
vn 0.707107 0.000000 0.707107
vn 0.923880 0.000000 0.382683
vn 0.707107 0.000000 0.707107
vn 0.382683 0.000000 0.923880
vn 0.382683 0.000000 0.923880
vn 0.707107 0.000000 0.707107
vn 0.382683 0.000000 0.923880
vn 0.000000 0.000000 1.000000
vn 0.000000 0.000000 1.000000
vn 0.382683 0.000000 0.923880
vn 0.000000 0.000000 1.000000
vn -0.382683 0.000000 0.923880
vn -0.382683 0.000000 0.923880
vn 0.000000 0.000000 1.000000
vn -0.382683 0.000000 0.923880
vn -0.707107 0.000000 0.707107
vn -0.707107 0.000000 0.707107
vn -0.382683 0.000000 0.923880
vn -0.707107 0.000000 0.707107
vn -0.923880 0.000000 0.382683
vn -0.923880 0.000000 0.382683
vn -0.707107 0.000000 0.707107
vn -0.923880 0.000000 0.382683
vn -1.000000 0.000000 0.000000
vn -1.000000 0.000000 0.000000
vn -0.923880 0.000000 0.382683
vn -1.000000 0.000000 0.000000
vn -0.923880 0.000000 -0.382683
vn -0.923880 0.000000 -0.382683
vn -1.000000 0.000000 0.000000
vn -0.923880 0.000000 -0.382683
vn -0.707107 0.000000 -0.707107
vn -0.707107 0.000000 -0.707107
vn -0.923880 0.000000 -0.382683
vn -0.707107 0.000000 -0.707107
vn -0.382683 0.000000 -0.923880
vn -0.382683 0.000000 -0.923880
vn -0.707107 0.000000 -0.707107
vn -0.382683 0.000000 -0.923880
vn -0.000000 0.000000 -1.000000
vn -0.000000 0.000000 -1.000000
vn -0.382683 0.000000 -0.923880
vn -0.000000 0.000000 -1.000000
vn 0.382683 0.000000 -0.923880
vn 0.382683 0.000000 -0.923880
vn -0.000000 0.000000 -1.000000
vn 0.382683 0.000000 -0.923880
vn 0.707107 0.000000 -0.707107
vn 0.707107 0.000000 -0.707107
vn 0.382683 0.000000 -0.923880
vn 0.707107 0.000000 -0.707107
vn 0.923880 0.000000 -0.382683
vn 0.923880 0.000000 -0.382683
vn 0.707107 0.000000 -0.707107
vn 0.923880 0.000000 -0.382683
vn 1.000000 0.000000 -0.000000
vn 1.000000 0.000000 -0.000000
vn 0.923880 0.000000 -0.382683
vn 0.000000 1.000000 0.000000
vn 0.000000 -1.000000 0.000000
vn 0.000000 1.000000 0.000000
vn 0.000000 1.000000 0.000000
vn 0.000000 -1.000000 0.000000
vn 0.000000 -1.000000 0.000000
vn 0.000000 1.000000 0.000000
vn 0.000000 1.000000 0.000000
vn 0.000000 -1.000000 0.000000
vn 0.000000 -1.000000 0.000000
vn 0.000000 1.000000 0.000000
vn 0.000000 1.000000 0.000000
vn 0.000000 -1.000000 0.000000
vn 0.000000 -1.000000 0.000000
vn 0.000000 1.000000 0.000000
vn 0.000000 1.000000 0.000000
vn 0.000000 -1.000000 0.000000
vn 0.000000 -1.000000 0.000000
vn 0.000000 1.000000 0.000000
vn 0.000000 1.000000 0.000000
vn 0.000000 -1.000000 0.000000
vn 0.000000 -1.000000 0.000000
vn 0.000000 1.000000 0.000000
vn 0.000000 1.000000 0.000000
vn 0.000000 -1.000000 0.000000
vn 0.000000 -1.000000 0.000000
vn 0.000000 1.000000 0.000000
vn 0.000000 1.000000 0.000000
vn 0.000000 -1.000000 0.000000
vn 0.000000 -1.000000 0.000000
vn 0.000000 1.000000 0.000000
vn 0.000000 1.000000 0.000000
vn 0.000000 -1.000000 0.000000
vn 0.000000 -1.000000 0.000000
vn 0.000000 1.000000 0.000000
vn 0.000000 1.000000 0.000000
vn 0.000000 -1.000000 0.000000
vn 0.000000 -1.000000 0.000000
vn 0.000000 1.000000 0.000000
vn 0.000000 1.000000 0.000000
vn 0.000000 -1.000000 0.000000
vn 0.000000 -1.000000 0.000000
vn 0.000000 1.000000 0.000000
vn 0.000000 1.000000 0.000000
vn 0.000000 -1.000000 0.000000
vn 0.000000 -1.000000 0.000000
vn 0.000000 1.000000 0.000000
vn 0.000000 1.000000 0.000000
vn 0.000000 -1.000000 0.000000
vn 0.000000 -1.000000 0.000000
vn 0.000000 1.000000 0.000000
vn 0.000000 1.000000 0.000000
vn 0.000000 -1.000000 0.000000
vn 0.000000 -1.000000 0.000000
vn 0.000000 1.000000 0.000000
vn 0.000000 1.000000 0.000000
vn 0.000000 -1.000000 0.000000
vn 0.000000 -1.000000 0.000000
vn 0.000000 1.000000 0.000000
vn 0.000000 1.000000 0.000000
vn 0.000000 -1.000000 0.000000
vn 0.000000 -1.000000 0.000000
vn 0.000000 1.000000 0.000000
vn 0.000000 1.000000 0.000000
vn 0.000000 -1.000000 0.000000
vn 0.000000 -1.000000 0.000000
f 665/665/665 666/666/666 667/667/667
f 665/665/665 667/667/667 668/668/668
f 669/669/669 670/670/670 671/671/671
f 669/669/669 671/671/671 672/672/672
f 673/673/673 674/674/674 675/675/675
f 673/673/673 675/675/675 676/676/676
f 677/677/677 678/678/678 679/679/679
f 677/677/677 679/679/679 680/680/680
f 681/681/681 682/682/682 683/683/683
f 681/681/681 683/683/683 684/684/684
f 685/685/685 686/686/686 687/687/687
f 685/685/685 687/687/687 688/688/688
f 689/689/689 690/690/690 691/691/691
f 689/689/689 691/691/691 692/692/692
f 693/693/693 694/694/694 695/695/695
f 693/693/693 695/695/695 696/696/696
f 697/697/697 698/698/698 699/699/699
f 697/697/697 699/699/699 700/700/700
f 701/701/701 702/702/702 703/703/703
f 701/701/701 703/703/703 704/704/704
f 705/705/705 706/706/706 707/707/707
f 705/705/705 707/707/707 708/708/708
f 709/709/709 710/710/710 711/711/711
f 709/709/709 711/711/711 712/712/712
f 713/713/713 714/714/714 715/715/715
f 713/713/713 715/715/715 716/716/716
f 717/717/717 718/718/718 719/719/719
f 717/717/717 719/719/719 720/720/720
f 721/721/721 722/722/722 723/723/723
f 721/721/721 723/723/723 724/724/724
f 725/725/725 726/726/726 727/727/727
f 725/725/725 727/727/727 728/728/728
f 729/729/729 730/730/730 731/731/731
f 729/729/729 731/731/731 732/732/732
f 733/733/733 734/734/734 735/735/735
f 733/733/733 735/735/735 736/736/736
f 737/737/737 738/738/738 739/739/739
f 737/737/737 739/739/739 740/740/740
f 741/741/741 742/742/742 743/743/743
f 741/741/741 743/743/743 744/744/744
f 745/745/745 746/746/746 747/747/747
f 745/745/745 747/747/747 748/748/748
f 749/749/749 750/750/750 751/751/751
f 749/749/749 751/751/751 752/752/752
f 753/753/753 755/755/755 756/756/756
f 754/754/754 758/758/758 757/757/757
f 753/753/753 759/759/759 760/760/760
f 754/754/754 762/762/762 761/761/761
f 753/753/753 763/763/763 764/764/764
f 754/754/754 766/766/766 765/765/765
f 753/753/753 767/767/767 768/768/768
f 754/754/754 770/770/770 769/769/769
f 753/753/753 771/771/771 772/772/772
f 754/754/754 774/774/774 773/773/773
f 753/753/753 775/775/775 776/776/776
f 754/754/754 778/778/778 777/777/777
f 753/753/753 779/779/779 780/780/780
f 754/754/754 782/782/782 781/781/781
f 753/753/753 783/783/783 784/784/784
f 754/754/754 786/786/786 785/785/785
f 753/753/753 787/787/787 788/788/788
f 754/754/754 790/790/790 789/789/789
f 753/753/753 791/791/791 792/792/792
f 754/754/754 794/794/794 793/793/793
f 753/753/753 795/795/795 796/796/796
f 754/754/754 798/798/798 797/797/797
f 753/753/753 799/799/799 800/800/800
f 754/754/754 802/802/802 801/801/801
f 753/753/753 803/803/803 804/804/804
f 754/754/754 806/806/806 805/805/805
f 753/753/753 807/807/807 808/808/808
f 754/754/754 810/810/810 809/809/809
f 753/753/753 811/811/811 812/812/812
f 754/754/754 814/814/814 813/813/813
f 753/753/753 815/815/815 816/816/816
f 754/754/754 818/818/818 817/817/817
o Shoulder_R
usemtl Armor_Metal
v 0.720000 3.960000 0.000000
v 0.720000 3.960000 0.000000
v 0.720000 3.960000 0.000000
v 0.720000 3.960000 0.000000
v 0.720000 3.960000 0.000000
v 0.720000 3.960000 0.000000
v 0.720000 3.960000 0.000000
v 0.720000 3.960000 0.000000
v 0.720000 3.960000 0.000000
v 0.720000 3.960000 0.000000
v 0.720000 3.960000 0.000000
v 0.720000 3.960000 0.000000
v 0.720000 3.960000 0.000000
v 0.720000 3.960000 0.000000
v 0.720000 3.960000 0.000000
v 0.720000 3.960000 0.000000
v 0.720000 3.960000 0.000000
v 0.720000 3.960000 0.000000
v 0.720000 3.960000 0.000000
v 0.720000 3.960000 0.000000
v 0.828704 3.950459 0.000000
v 0.823384 3.950459 0.038390
v 0.807943 3.950459 0.073022
v 0.783895 3.950459 0.100507
v 0.753591 3.950459 0.118153
v 0.720000 3.950459 0.124233
v 0.686409 3.950459 0.118153
v 0.656105 3.950459 0.100507
v 0.632057 3.950459 0.073022
v 0.616616 3.950459 0.038390
v 0.611296 3.950459 0.000000
v 0.616616 3.950459 -0.038390
v 0.632057 3.950459 -0.073022
v 0.656105 3.950459 -0.100507
v 0.686409 3.950459 -0.118153
v 0.720000 3.950459 -0.124233
v 0.753591 3.950459 -0.118153
v 0.783895 3.950459 -0.100507
v 0.807943 3.950459 -0.073022
v 0.823384 3.950459 -0.038390
v 0.930000 3.922487 0.000000
v 0.919722 3.922487 0.074164
v 0.889894 3.922487 0.141068
v 0.843435 3.922487 0.194164
v 0.784894 3.922487 0.228254
v 0.720000 3.922487 0.240000
v 0.655106 3.922487 0.228254
v 0.596565 3.922487 0.194164
v 0.550106 3.922487 0.141068
v 0.520278 3.922487 0.074164
v 0.510000 3.922487 0.000000
v 0.520278 3.922487 -0.074164
v 0.550106 3.922487 -0.141068
v 0.596565 3.922487 -0.194164
v 0.655106 3.922487 -0.228254
v 0.720000 3.922487 -0.240000
v 0.784894 3.922487 -0.228254
v 0.843435 3.922487 -0.194164
v 0.889894 3.922487 -0.141068
v 0.919722 3.922487 -0.074164
v 1.016985 3.877990 0.000000
v 1.002449 3.877990 0.104884
v 0.960266 3.877990 0.199501
v 0.894563 3.877990 0.274589
v 0.811773 3.877990 0.322799
v 0.720000 3.877990 0.339411
v 0.628227 3.877990 0.322799
v 0.545437 3.877990 0.274589
v 0.479734 3.877990 0.199501
v 0.437551 3.877990 0.104884
v 0.423015 3.877990 0.000000
v 0.437551 3.877990 -0.104884
v 0.479734 3.877990 -0.199501
v 0.545437 3.877990 -0.274589
v 0.628227 3.877990 -0.322799
v 0.720000 3.877990 -0.339411
v 0.811773 3.877990 -0.322799
v 0.894563 3.877990 -0.274589
v 0.960266 3.877990 -0.199501
v 1.002449 3.877990 -0.104884
v 1.083731 3.820000 0.000000
v 1.065928 3.820000 0.128456
v 1.014264 3.820000 0.244338
v 0.933796 3.820000 0.336302
v 0.832399 3.820000 0.395347
v 0.720000 3.820000 0.415692
v 0.607601 3.820000 0.395347
v 0.506204 3.820000 0.336302
v 0.425736 3.820000 0.244338
v 0.374072 3.820000 0.128456
v 0.356269 3.820000 0.000000
v 0.374072 3.820000 -0.128456
v 0.425736 3.820000 -0.244338
v 0.506204 3.820000 -0.336302
v 0.607601 3.820000 -0.395347
v 0.720000 3.820000 -0.415692
v 0.832399 3.820000 -0.395347
v 0.933796 3.820000 -0.336302
v 1.014264 3.820000 -0.244338
v 1.065928 3.820000 -0.128456
v 1.125689 3.752469 0.000000
v 1.105833 3.752469 0.143274
v 1.048209 3.752469 0.272523
v 0.958458 3.752469 0.375096
v 0.845365 3.752469 0.440952
v 0.720000 3.752469 0.463644
v 0.594635 3.752469 0.440952
v 0.481542 3.752469 0.375096
v 0.391791 3.752469 0.272523
v 0.334167 3.752469 0.143274
v 0.314311 3.752469 0.000000
v 0.334167 3.752469 -0.143274
v 0.391791 3.752469 -0.272523
v 0.481542 3.752469 -0.375096
v 0.594635 3.752469 -0.440952
v 0.720000 3.752469 -0.463644
v 0.845365 3.752469 -0.440952
v 0.958458 3.752469 -0.375096
v 1.048209 3.752469 -0.272523
v 1.105833 3.752469 -0.143274
v 1.140000 3.680000 0.000000
v 1.119444 3.680000 0.148328
v 1.059787 3.680000 0.282137
v 0.966870 3.680000 0.388328
v 0.849787 3.680000 0.456507
v 0.720000 3.680000 0.480000
v 0.590213 3.680000 0.456507
v 0.473130 3.680000 0.388328
v 0.380213 3.680000 0.282137
v 0.320556 3.680000 0.148328
v 0.300000 3.680000 0.000000
v 0.320556 3.680000 -0.148328
v 0.380213 3.680000 -0.282137
v 0.473130 3.680000 -0.388328
v 0.590213 3.680000 -0.456507
v 0.720000 3.680000 -0.480000
v 0.849787 3.680000 -0.456507
v 0.966870 3.680000 -0.388328
v 1.059787 3.680000 -0.282137
v 1.119444 3.680000 -0.148328
v 1.125689 3.607531 0.000000
v 1.105833 3.607531 0.143274
v 1.048209 3.607531 0.272523
v 0.958458 3.607531 0.375096
v 0.845365 3.607531 0.440952
v 0.720000 3.607531 0.463644
v 0.594635 3.607531 0.440952
v 0.481542 3.607531 0.375096
v 0.391791 3.607531 0.272523
v 0.334167 3.607531 0.143274
v 0.314311 3.607531 0.000000
v 0.334167 3.607531 -0.143274
v 0.391791 3.607531 -0.272523
v 0.481542 3.607531 -0.375096
v 0.594635 3.607531 -0.440952
v 0.720000 3.607531 -0.463644
v 0.845365 3.607531 -0.440952
v 0.958458 3.607531 -0.375096
v 1.048209 3.607531 -0.272523
v 1.105833 3.607531 -0.143274
v 1.083731 3.540000 0.000000
v 1.065928 3.540000 0.128456
v 1.014264 3.540000 0.244338
v 0.933796 3.540000 0.336302
v 0.832399 3.540000 0.395347
v 0.720000 3.540000 0.415692
v 0.607601 3.540000 0.395347
v 0.506204 3.540000 0.336302
v 0.425736 3.540000 0.244338
v 0.374072 3.540000 0.128456
v 0.356269 3.540000 0.000000
v 0.374072 3.540000 -0.128456
v 0.425736 3.540000 -0.244338
v 0.506204 3.540000 -0.336302
v 0.607601 3.540000 -0.395347
v 0.720000 3.540000 -0.415692
v 0.832399 3.540000 -0.395347
v 0.933796 3.540000 -0.336302
v 1.014264 3.540000 -0.244338
v 1.065928 3.540000 -0.128456
v 1.016985 3.482010 0.000000
v 1.002449 3.482010 0.104884
v 0.960266 3.482010 0.199501
v 0.894563 3.482010 0.274589
v 0.811773 3.482010 0.322799
v 0.720000 3.482010 0.339411
v 0.628227 3.482010 0.322799
v 0.545437 3.482010 0.274589
v 0.479734 3.482010 0.199501
v 0.437551 3.482010 0.104884
v 0.423015 3.482010 0.000000
v 0.437551 3.482010 -0.104884
v 0.479734 3.482010 -0.199501
v 0.545437 3.482010 -0.274589
v 0.628227 3.482010 -0.322799
v 0.720000 3.482010 -0.339411
v 0.811773 3.482010 -0.322799
v 0.894563 3.482010 -0.274589
v 0.960266 3.482010 -0.199501
v 1.002449 3.482010 -0.104884
v 0.930000 3.437513 0.000000
v 0.919722 3.437513 0.074164
v 0.889894 3.437513 0.141068
v 0.843435 3.437513 0.194164
v 0.784894 3.437513 0.228254
v 0.720000 3.437513 0.240000
v 0.655106 3.437513 0.228254
v 0.596565 3.437513 0.194164
v 0.550106 3.437513 0.141068
v 0.520278 3.437513 0.074164
v 0.510000 3.437513 0.000000
v 0.520278 3.437513 -0.074164
v 0.550106 3.437513 -0.141068
v 0.596565 3.437513 -0.194164
v 0.655106 3.437513 -0.228254
v 0.720000 3.437513 -0.240000
v 0.784894 3.437513 -0.228254
v 0.843435 3.437513 -0.194164
v 0.889894 3.437513 -0.141068
v 0.919722 3.437513 -0.074164
v 0.828704 3.409541 0.000000
v 0.823384 3.409541 0.038390
v 0.807943 3.409541 0.073022
v 0.783895 3.409541 0.100507
v 0.753591 3.409541 0.118153
v 0.720000 3.409541 0.124233
v 0.686409 3.409541 0.118153
v 0.656105 3.409541 0.100507
v 0.632057 3.409541 0.073022
v 0.616616 3.409541 0.038390
v 0.611296 3.409541 0.000000
v 0.616616 3.409541 -0.038390
v 0.632057 3.409541 -0.073022
v 0.656105 3.409541 -0.100507
v 0.686409 3.409541 -0.118153
v 0.720000 3.409541 -0.124233
v 0.753591 3.409541 -0.118153
v 0.783895 3.409541 -0.100507
v 0.807943 3.409541 -0.073022
v 0.823384 3.409541 -0.038390
v 0.720000 3.400000 0.000000
v 0.720000 3.400000 0.000000
v 0.720000 3.400000 0.000000
v 0.720000 3.400000 0.000000
v 0.720000 3.400000 0.000000
v 0.720000 3.400000 0.000000
v 0.720000 3.400000 0.000000
v 0.720000 3.400000 0.000000
v 0.720000 3.400000 0.000000
v 0.720000 3.400000 0.000000
v 0.720000 3.400000 0.000000
v 0.720000 3.400000 -0.000000
v 0.720000 3.400000 -0.000000
v 0.720000 3.400000 -0.000000
v 0.720000 3.400000 -0.000000
v 0.720000 3.400000 -0.000000
v 0.720000 3.400000 -0.000000
v 0.720000 3.400000 -0.000000
v 0.720000 3.400000 -0.000000
v 0.720000 3.400000 -0.000000
vt 0.000000 0.000000
vt 0.050000 0.000000
vt 0.100000 0.000000
vt 0.150000 0.000000
vt 0.200000 0.000000
vt 0.250000 0.000000
vt 0.300000 0.000000
vt 0.350000 0.000000
vt 0.400000 0.000000
vt 0.450000 0.000000
vt 0.500000 0.000000
vt 0.550000 0.000000
vt 0.600000 0.000000
vt 0.650000 0.000000
vt 0.700000 0.000000
vt 0.750000 0.000000
vt 0.800000 0.000000
vt 0.850000 0.000000
vt 0.900000 0.000000
vt 0.950000 0.000000
vt 0.000000 0.083333
vt 0.050000 0.083333
vt 0.100000 0.083333
vt 0.150000 0.083333
vt 0.200000 0.083333
vt 0.250000 0.083333
vt 0.300000 0.083333
vt 0.350000 0.083333
vt 0.400000 0.083333
vt 0.450000 0.083333
vt 0.500000 0.083333
vt 0.550000 0.083333
vt 0.600000 0.083333
vt 0.650000 0.083333
vt 0.700000 0.083333
vt 0.750000 0.083333
vt 0.800000 0.083333
vt 0.850000 0.083333
vt 0.900000 0.083333
vt 0.950000 0.083333
vt 0.000000 0.166667
vt 0.050000 0.166667
vt 0.100000 0.166667
vt 0.150000 0.166667
vt 0.200000 0.166667
vt 0.250000 0.166667
vt 0.300000 0.166667
vt 0.350000 0.166667
vt 0.400000 0.166667
vt 0.450000 0.166667
vt 0.500000 0.166667
vt 0.550000 0.166667
vt 0.600000 0.166667
vt 0.650000 0.166667
vt 0.700000 0.166667
vt 0.750000 0.166667
vt 0.800000 0.166667
vt 0.850000 0.166667
vt 0.900000 0.166667
vt 0.950000 0.166667
vt 0.000000 0.250000
vt 0.050000 0.250000
vt 0.100000 0.250000
vt 0.150000 0.250000
vt 0.200000 0.250000
vt 0.250000 0.250000
vt 0.300000 0.250000
vt 0.350000 0.250000
vt 0.400000 0.250000
vt 0.450000 0.250000
vt 0.500000 0.250000
vt 0.550000 0.250000
vt 0.600000 0.250000
vt 0.650000 0.250000
vt 0.700000 0.250000
vt 0.750000 0.250000
vt 0.800000 0.250000
vt 0.850000 0.250000
vt 0.900000 0.250000
vt 0.950000 0.250000
vt 0.000000 0.333333
vt 0.050000 0.333333
vt 0.100000 0.333333
vt 0.150000 0.333333
vt 0.200000 0.333333
vt 0.250000 0.333333
vt 0.300000 0.333333
vt 0.350000 0.333333
vt 0.400000 0.333333
vt 0.450000 0.333333
vt 0.500000 0.333333
vt 0.550000 0.333333
vt 0.600000 0.333333
vt 0.650000 0.333333
vt 0.700000 0.333333
vt 0.750000 0.333333
vt 0.800000 0.333333
vt 0.850000 0.333333
vt 0.900000 0.333333
vt 0.950000 0.333333
vt 0.000000 0.416667
vt 0.050000 0.416667
vt 0.100000 0.416667
vt 0.150000 0.416667
vt 0.200000 0.416667
vt 0.250000 0.416667
vt 0.300000 0.416667
vt 0.350000 0.416667
vt 0.400000 0.416667
vt 0.450000 0.416667
vt 0.500000 0.416667
vt 0.550000 0.416667
vt 0.600000 0.416667
vt 0.650000 0.416667
vt 0.700000 0.416667
vt 0.750000 0.416667
vt 0.800000 0.416667
vt 0.850000 0.416667
vt 0.900000 0.416667
vt 0.950000 0.416667
vt 0.000000 0.500000
vt 0.050000 0.500000
vt 0.100000 0.500000
vt 0.150000 0.500000
vt 0.200000 0.500000
vt 0.250000 0.500000
vt 0.300000 0.500000
vt 0.350000 0.500000
vt 0.400000 0.500000
vt 0.450000 0.500000
vt 0.500000 0.500000
vt 0.550000 0.500000
vt 0.600000 0.500000
vt 0.650000 0.500000
vt 0.700000 0.500000
vt 0.750000 0.500000
vt 0.800000 0.500000
vt 0.850000 0.500000
vt 0.900000 0.500000
vt 0.950000 0.500000
vt 0.000000 0.583333
vt 0.050000 0.583333
vt 0.100000 0.583333
vt 0.150000 0.583333
vt 0.200000 0.583333
vt 0.250000 0.583333
vt 0.300000 0.583333
vt 0.350000 0.583333
vt 0.400000 0.583333
vt 0.450000 0.583333
vt 0.500000 0.583333
vt 0.550000 0.583333
vt 0.600000 0.583333
vt 0.650000 0.583333
vt 0.700000 0.583333
vt 0.750000 0.583333
vt 0.800000 0.583333
vt 0.850000 0.583333
vt 0.900000 0.583333
vt 0.950000 0.583333
vt 0.000000 0.666667
vt 0.050000 0.666667
vt 0.100000 0.666667
vt 0.150000 0.666667
vt 0.200000 0.666667
vt 0.250000 0.666667
vt 0.300000 0.666667
vt 0.350000 0.666667
vt 0.400000 0.666667
vt 0.450000 0.666667
vt 0.500000 0.666667
vt 0.550000 0.666667
vt 0.600000 0.666667
vt 0.650000 0.666667
vt 0.700000 0.666667
vt 0.750000 0.666667
vt 0.800000 0.666667
vt 0.850000 0.666667
vt 0.900000 0.666667
vt 0.950000 0.666667
vt 0.000000 0.750000
vt 0.050000 0.750000
vt 0.100000 0.750000
vt 0.150000 0.750000
vt 0.200000 0.750000
vt 0.250000 0.750000
vt 0.300000 0.750000
vt 0.350000 0.750000
vt 0.400000 0.750000
vt 0.450000 0.750000
vt 0.500000 0.750000
vt 0.550000 0.750000
vt 0.600000 0.750000
vt 0.650000 0.750000
vt 0.700000 0.750000
vt 0.750000 0.750000
vt 0.800000 0.750000
vt 0.850000 0.750000
vt 0.900000 0.750000
vt 0.950000 0.750000
vt 0.000000 0.833333
vt 0.050000 0.833333
vt 0.100000 0.833333
vt 0.150000 0.833333
vt 0.200000 0.833333
vt 0.250000 0.833333
vt 0.300000 0.833333
vt 0.350000 0.833333
vt 0.400000 0.833333
vt 0.450000 0.833333
vt 0.500000 0.833333
vt 0.550000 0.833333
vt 0.600000 0.833333
vt 0.650000 0.833333
vt 0.700000 0.833333
vt 0.750000 0.833333
vt 0.800000 0.833333
vt 0.850000 0.833333
vt 0.900000 0.833333
vt 0.950000 0.833333
vt 0.000000 0.916667
vt 0.050000 0.916667
vt 0.100000 0.916667
vt 0.150000 0.916667
vt 0.200000 0.916667
vt 0.250000 0.916667
vt 0.300000 0.916667
vt 0.350000 0.916667
vt 0.400000 0.916667
vt 0.450000 0.916667
vt 0.500000 0.916667
vt 0.550000 0.916667
vt 0.600000 0.916667
vt 0.650000 0.916667
vt 0.700000 0.916667
vt 0.750000 0.916667
vt 0.800000 0.916667
vt 0.850000 0.916667
vt 0.900000 0.916667
vt 0.950000 0.916667
vt 0.000000 1.000000
vt 0.050000 1.000000
vt 0.100000 1.000000
vt 0.150000 1.000000
vt 0.200000 1.000000
vt 0.250000 1.000000
vt 0.300000 1.000000
vt 0.350000 1.000000
vt 0.400000 1.000000
vt 0.450000 1.000000
vt 0.500000 1.000000
vt 0.550000 1.000000
vt 0.600000 1.000000
vt 0.650000 1.000000
vt 0.700000 1.000000
vt 0.750000 1.000000
vt 0.800000 1.000000
vt 0.850000 1.000000
vt 0.900000 1.000000
vt 0.950000 1.000000
vn 0.000000 1.000000 0.000000
vn 0.000000 1.000000 0.000000
vn 0.000000 1.000000 0.000000
vn 0.000000 1.000000 0.000000
vn 0.000000 1.000000 0.000000
vn 0.000000 1.000000 0.000000
vn -0.000000 1.000000 0.000000
vn -0.000000 1.000000 0.000000
vn -0.000000 1.000000 0.000000
vn -0.000000 1.000000 0.000000
vn -0.000000 1.000000 0.000000
vn -0.000000 1.000000 -0.000000
vn -0.000000 1.000000 -0.000000
vn -0.000000 1.000000 -0.000000
vn -0.000000 1.000000 -0.000000
vn -0.000000 1.000000 -0.000000
vn 0.000000 1.000000 -0.000000
vn 0.000000 1.000000 -0.000000
vn 0.000000 1.000000 -0.000000
vn 0.000000 1.000000 -0.000000
vn 0.258819 0.965926 0.000000
vn 0.246152 0.965926 0.079979
vn 0.209389 0.965926 0.152130
vn 0.152130 0.965926 0.209389
vn 0.079979 0.965926 0.246152
vn 0.000000 0.965926 0.258819
vn -0.079979 0.965926 0.246152
vn -0.152130 0.965926 0.209389
vn -0.209389 0.965926 0.152130
vn -0.246152 0.965926 0.079979
vn -0.258819 0.965926 0.000000
vn -0.246152 0.965926 -0.079979
vn -0.209389 0.965926 -0.152130
vn -0.152130 0.965926 -0.209389
vn -0.079979 0.965926 -0.246152
vn -0.000000 0.965926 -0.258819
vn 0.079979 0.965926 -0.246152
vn 0.152130 0.965926 -0.209389
vn 0.209389 0.965926 -0.152130
vn 0.246152 0.965926 -0.079979
vn 0.500000 0.866025 0.000000
vn 0.475528 0.866025 0.154508
vn 0.404508 0.866025 0.293893
vn 0.293893 0.866025 0.404508
vn 0.154508 0.866025 0.475528
vn 0.000000 0.866025 0.500000
vn -0.154508 0.866025 0.475528
vn -0.293893 0.866025 0.404508
vn -0.404508 0.866025 0.293893
vn -0.475528 0.866025 0.154508
vn -0.500000 0.866025 0.000000
vn -0.475528 0.866025 -0.154508
vn -0.404508 0.866025 -0.293893
vn -0.293893 0.866025 -0.404508
vn -0.154508 0.866025 -0.475528
vn -0.000000 0.866025 -0.500000
vn 0.154508 0.866025 -0.475528
vn 0.293893 0.866025 -0.404508
vn 0.404508 0.866025 -0.293893
vn 0.475528 0.866025 -0.154508
vn 0.707107 0.707107 0.000000
vn 0.672499 0.707107 0.218508
vn 0.572061 0.707107 0.415627
vn 0.415627 0.707107 0.572061
vn 0.218508 0.707107 0.672499
vn 0.000000 0.707107 0.707107
vn -0.218508 0.707107 0.672499
vn -0.415627 0.707107 0.572061
vn -0.572061 0.707107 0.415627
vn -0.672499 0.707107 0.218508
vn -0.707107 0.707107 0.000000
vn -0.672499 0.707107 -0.218508
vn -0.572061 0.707107 -0.415627
vn -0.415627 0.707107 -0.572061
vn -0.218508 0.707107 -0.672499
vn -0.000000 0.707107 -0.707107
vn 0.218508 0.707107 -0.672499
vn 0.415627 0.707107 -0.572061
vn 0.572061 0.707107 -0.415627
vn 0.672499 0.707107 -0.218508
vn 0.866025 0.500000 0.000000
vn 0.823639 0.500000 0.267617
vn 0.700629 0.500000 0.509037
vn 0.509037 0.500000 0.700629
vn 0.267617 0.500000 0.823639
vn 0.000000 0.500000 0.866025
vn -0.267617 0.500000 0.823639
vn -0.509037 0.500000 0.700629
vn -0.700629 0.500000 0.509037
vn -0.823639 0.500000 0.267617
vn -0.866025 0.500000 0.000000
vn -0.823639 0.500000 -0.267617
vn -0.700629 0.500000 -0.509037
vn -0.509037 0.500000 -0.700629
vn -0.267617 0.500000 -0.823639
vn -0.000000 0.500000 -0.866025
vn 0.267617 0.500000 -0.823639
vn 0.509037 0.500000 -0.700629
vn 0.700629 0.500000 -0.509037
vn 0.823639 0.500000 -0.267617
vn 0.965926 0.258819 0.000000
vn 0.918650 0.258819 0.298487
vn 0.781450 0.258819 0.567757
vn 0.567757 0.258819 0.781450
vn 0.298487 0.258819 0.918650
vn 0.000000 0.258819 0.965926
vn -0.298487 0.258819 0.918650
vn -0.567757 0.258819 0.781450
vn -0.781450 0.258819 0.567757
vn -0.918650 0.258819 0.298487
vn -0.965926 0.258819 0.000000
vn -0.918650 0.258819 -0.298487
vn -0.781450 0.258819 -0.567757
vn -0.567757 0.258819 -0.781450
vn -0.298487 0.258819 -0.918650
vn -0.000000 0.258819 -0.965926
vn 0.298487 0.258819 -0.918650
vn 0.567757 0.258819 -0.781450
vn 0.781450 0.258819 -0.567757
vn 0.918650 0.258819 -0.298487
vn 1.000000 0.000000 0.000000
vn 0.951057 0.000000 0.309017
vn 0.809017 0.000000 0.587785
vn 0.587785 0.000000 0.809017
vn 0.309017 0.000000 0.951057
vn 0.000000 0.000000 1.000000
vn -0.309017 0.000000 0.951057
vn -0.587785 0.000000 0.809017
vn -0.809017 0.000000 0.587785
vn -0.951057 0.000000 0.309017
vn -1.000000 0.000000 0.000000
vn -0.951057 0.000000 -0.309017
vn -0.809017 0.000000 -0.587785
vn -0.587785 0.000000 -0.809017
vn -0.309017 0.000000 -0.951057
vn -0.000000 0.000000 -1.000000
vn 0.309017 0.000000 -0.951057
vn 0.587785 0.000000 -0.809017
vn 0.809017 0.000000 -0.587785
vn 0.951057 0.000000 -0.309017
vn 0.965926 -0.258819 0.000000
vn 0.918650 -0.258819 0.298487
vn 0.781450 -0.258819 0.567757
vn 0.567757 -0.258819 0.781450
vn 0.298487 -0.258819 0.918650
vn 0.000000 -0.258819 0.965926
vn -0.298487 -0.258819 0.918650
vn -0.567757 -0.258819 0.781450
vn -0.781450 -0.258819 0.567757
vn -0.918650 -0.258819 0.298487
vn -0.965926 -0.258819 0.000000
vn -0.918650 -0.258819 -0.298487
vn -0.781450 -0.258819 -0.567757
vn -0.567757 -0.258819 -0.781450
vn -0.298487 -0.258819 -0.918650
vn -0.000000 -0.258819 -0.965926
vn 0.298487 -0.258819 -0.918650
vn 0.567757 -0.258819 -0.781450
vn 0.781450 -0.258819 -0.567757
vn 0.918650 -0.258819 -0.298487
vn 0.866025 -0.500000 0.000000
vn 0.823639 -0.500000 0.267617
vn 0.700629 -0.500000 0.509037
vn 0.509037 -0.500000 0.700629
vn 0.267617 -0.500000 0.823639
vn 0.000000 -0.500000 0.866025
vn -0.267617 -0.500000 0.823639
vn -0.509037 -0.500000 0.700629
vn -0.700629 -0.500000 0.509037
vn -0.823639 -0.500000 0.267617
vn -0.866025 -0.500000 0.000000
vn -0.823639 -0.500000 -0.267617
vn -0.700629 -0.500000 -0.509037
vn -0.509037 -0.500000 -0.700629
vn -0.267617 -0.500000 -0.823639
vn -0.000000 -0.500000 -0.866025
vn 0.267617 -0.500000 -0.823639
vn 0.509037 -0.500000 -0.700629
vn 0.700629 -0.500000 -0.509037
vn 0.823639 -0.500000 -0.267617
vn 0.707107 -0.707107 0.000000
vn 0.672499 -0.707107 0.218508
vn 0.572061 -0.707107 0.415627
vn 0.415627 -0.707107 0.572061
vn 0.218508 -0.707107 0.672499
vn 0.000000 -0.707107 0.707107
vn -0.218508 -0.707107 0.672499
vn -0.415627 -0.707107 0.572061
vn -0.572061 -0.707107 0.415627
vn -0.672499 -0.707107 0.218508
vn -0.707107 -0.707107 0.000000
vn -0.672499 -0.707107 -0.218508
vn -0.572061 -0.707107 -0.415627
vn -0.415627 -0.707107 -0.572061
vn -0.218508 -0.707107 -0.672499
vn -0.000000 -0.707107 -0.707107
vn 0.218508 -0.707107 -0.672499
vn 0.415627 -0.707107 -0.572061
vn 0.572061 -0.707107 -0.415627
vn 0.672499 -0.707107 -0.218508
vn 0.500000 -0.866025 0.000000
vn 0.475528 -0.866025 0.154508
vn 0.404508 -0.866025 0.293893
vn 0.293893 -0.866025 0.404508
vn 0.154508 -0.866025 0.475528
vn 0.000000 -0.866025 0.500000
vn -0.154508 -0.866025 0.475528
vn -0.293893 -0.866025 0.404508
vn -0.404508 -0.866025 0.293893
vn -0.475528 -0.866025 0.154508
vn -0.500000 -0.866025 0.000000
vn -0.475528 -0.866025 -0.154508
vn -0.404508 -0.866025 -0.293893
vn -0.293893 -0.866025 -0.404508
vn -0.154508 -0.866025 -0.475528
vn -0.000000 -0.866025 -0.500000
vn 0.154508 -0.866025 -0.475528
vn 0.293893 -0.866025 -0.404508
vn 0.404508 -0.866025 -0.293893
vn 0.475528 -0.866025 -0.154508
vn 0.258819 -0.965926 0.000000
vn 0.246152 -0.965926 0.079979
vn 0.209389 -0.965926 0.152130
vn 0.152130 -0.965926 0.209389
vn 0.079979 -0.965926 0.246152
vn 0.000000 -0.965926 0.258819
vn -0.079979 -0.965926 0.246152
vn -0.152130 -0.965926 0.209389
vn -0.209389 -0.965926 0.152130
vn -0.246152 -0.965926 0.079979
vn -0.258819 -0.965926 0.000000
vn -0.246152 -0.965926 -0.079979
vn -0.209389 -0.965926 -0.152130
vn -0.152130 -0.965926 -0.209389
vn -0.079979 -0.965926 -0.246152
vn -0.000000 -0.965926 -0.258819
vn 0.079979 -0.965926 -0.246152
vn 0.152130 -0.965926 -0.209389
vn 0.209389 -0.965926 -0.152130
vn 0.246152 -0.965926 -0.079979
vn 0.000000 -1.000000 0.000000
vn 0.000000 -1.000000 0.000000
vn 0.000000 -1.000000 0.000000
vn 0.000000 -1.000000 0.000000
vn 0.000000 -1.000000 0.000000
vn 0.000000 -1.000000 0.000000
vn -0.000000 -1.000000 0.000000
vn -0.000000 -1.000000 0.000000
vn -0.000000 -1.000000 0.000000
vn -0.000000 -1.000000 0.000000
vn -0.000000 -1.000000 0.000000
vn -0.000000 -1.000000 -0.000000
vn -0.000000 -1.000000 -0.000000
vn -0.000000 -1.000000 -0.000000
vn -0.000000 -1.000000 -0.000000
vn -0.000000 -1.000000 -0.000000
vn 0.000000 -1.000000 -0.000000
vn 0.000000 -1.000000 -0.000000
vn 0.000000 -1.000000 -0.000000
vn 0.000000 -1.000000 -0.000000
f 819/819/819 820/820/820 840/840/840
f 819/819/819 840/840/840 839/839/839
f 820/820/820 821/821/821 841/841/841
f 820/820/820 841/841/841 840/840/840
f 821/821/821 822/822/822 842/842/842
f 821/821/821 842/842/842 841/841/841
f 822/822/822 823/823/823 843/843/843
f 822/822/822 843/843/843 842/842/842
f 823/823/823 824/824/824 844/844/844
f 823/823/823 844/844/844 843/843/843
f 824/824/824 825/825/825 845/845/845
f 824/824/824 845/845/845 844/844/844
f 825/825/825 826/826/826 846/846/846
f 825/825/825 846/846/846 845/845/845
f 826/826/826 827/827/827 847/847/847
f 826/826/826 847/847/847 846/846/846
f 827/827/827 828/828/828 848/848/848
f 827/827/827 848/848/848 847/847/847
f 828/828/828 829/829/829 849/849/849
f 828/828/828 849/849/849 848/848/848
f 829/829/829 830/830/830 850/850/850
f 829/829/829 850/850/850 849/849/849
f 830/830/830 831/831/831 851/851/851
f 830/830/830 851/851/851 850/850/850
f 831/831/831 832/832/832 852/852/852
f 831/831/831 852/852/852 851/851/851
f 832/832/832 833/833/833 853/853/853
f 832/832/832 853/853/853 852/852/852
f 833/833/833 834/834/834 854/854/854
f 833/833/833 854/854/854 853/853/853
f 834/834/834 835/835/835 855/855/855
f 834/834/834 855/855/855 854/854/854
f 835/835/835 836/836/836 856/856/856
f 835/835/835 856/856/856 855/855/855
f 836/836/836 837/837/837 857/857/857
f 836/836/836 857/857/857 856/856/856
f 837/837/837 838/838/838 858/858/858
f 837/837/837 858/858/858 857/857/857
f 838/838/838 819/819/819 839/839/839
f 838/838/838 839/839/839 858/858/858
f 839/839/839 840/840/840 860/860/860
f 839/839/839 860/860/860 859/859/859
f 840/840/840 841/841/841 861/861/861
f 840/840/840 861/861/861 860/860/860
f 841/841/841 842/842/842 862/862/862
f 841/841/841 862/862/862 861/861/861
f 842/842/842 843/843/843 863/863/863
f 842/842/842 863/863/863 862/862/862
f 843/843/843 844/844/844 864/864/864
f 843/843/843 864/864/864 863/863/863
f 844/844/844 845/845/845 865/865/865
f 844/844/844 865/865/865 864/864/864
f 845/845/845 846/846/846 866/866/866
f 845/845/845 866/866/866 865/865/865
f 846/846/846 847/847/847 867/867/867
f 846/846/846 867/867/867 866/866/866
f 847/847/847 848/848/848 868/868/868
f 847/847/847 868/868/868 867/867/867
f 848/848/848 849/849/849 869/869/869
f 848/848/848 869/869/869 868/868/868
f 849/849/849 850/850/850 870/870/870
f 849/849/849 870/870/870 869/869/869
f 850/850/850 851/851/851 871/871/871
f 850/850/850 871/871/871 870/870/870
f 851/851/851 852/852/852 872/872/872
f 851/851/851 872/872/872 871/871/871
f 852/852/852 853/853/853 873/873/873
f 852/852/852 873/873/873 872/872/872
f 853/853/853 854/854/854 874/874/874
f 853/853/853 874/874/874 873/873/873
f 854/854/854 855/855/855 875/875/875
f 854/854/854 875/875/875 874/874/874
f 855/855/855 856/856/856 876/876/876
f 855/855/855 876/876/876 875/875/875
f 856/856/856 857/857/857 877/877/877
f 856/856/856 877/877/877 876/876/876
f 857/857/857 858/858/858 878/878/878
f 857/857/857 878/878/878 877/877/877
f 858/858/858 839/839/839 859/859/859
f 858/858/858 859/859/859 878/878/878
f 859/859/859 860/860/860 880/880/880
f 859/859/859 880/880/880 879/879/879
f 860/860/860 861/861/861 881/881/881
f 860/860/860 881/881/881 880/880/880
f 861/861/861 862/862/862 882/882/882
f 861/861/861 882/882/882 881/881/881
f 862/862/862 863/863/863 883/883/883
f 862/862/862 883/883/883 882/882/882
f 863/863/863 864/864/864 884/884/884
f 863/863/863 884/884/884 883/883/883
f 864/864/864 865/865/865 885/885/885
f 864/864/864 885/885/885 884/884/884
f 865/865/865 866/866/866 886/886/886
f 865/865/865 886/886/886 885/885/885
f 866/866/866 867/867/867 887/887/887
f 866/866/866 887/887/887 886/886/886
f 867/867/867 868/868/868 888/888/888
f 867/867/867 888/888/888 887/887/887
f 868/868/868 869/869/869 889/889/889
f 868/868/868 889/889/889 888/888/888
f 869/869/869 870/870/870 890/890/890
f 869/869/869 890/890/890 889/889/889
f 870/870/870 871/871/871 891/891/891
f 870/870/870 891/891/891 890/890/890
f 871/871/871 872/872/872 892/892/892
f 871/871/871 892/892/892 891/891/891
f 872/872/872 873/873/873 893/893/893
f 872/872/872 893/893/893 892/892/892
f 873/873/873 874/874/874 894/894/894
f 873/873/873 894/894/894 893/893/893
f 874/874/874 875/875/875 895/895/895
f 874/874/874 895/895/895 894/894/894
f 875/875/875 876/876/876 896/896/896
f 875/875/875 896/896/896 895/895/895
f 876/876/876 877/877/877 897/897/897
f 876/876/876 897/897/897 896/896/896
f 877/877/877 878/878/878 898/898/898
f 877/877/877 898/898/898 897/897/897
f 878/878/878 859/859/859 879/879/879
f 878/878/878 879/879/879 898/898/898
f 879/879/879 880/880/880 900/900/900
f 879/879/879 900/900/900 899/899/899
f 880/880/880 881/881/881 901/901/901
f 880/880/880 901/901/901 900/900/900
f 881/881/881 882/882/882 902/902/902
f 881/881/881 902/902/902 901/901/901
f 882/882/882 883/883/883 903/903/903
f 882/882/882 903/903/903 902/902/902
f 883/883/883 884/884/884 904/904/904
f 883/883/883 904/904/904 903/903/903
f 884/884/884 885/885/885 905/905/905
f 884/884/884 905/905/905 904/904/904
f 885/885/885 886/886/886 906/906/906
f 885/885/885 906/906/906 905/905/905
f 886/886/886 887/887/887 907/907/907
f 886/886/886 907/907/907 906/906/906
f 887/887/887 888/888/888 908/908/908
f 887/887/887 908/908/908 907/907/907
f 888/888/888 889/889/889 909/909/909
f 888/888/888 909/909/909 908/908/908
f 889/889/889 890/890/890 910/910/910
f 889/889/889 910/910/910 909/909/909
f 890/890/890 891/891/891 911/911/911
f 890/890/890 911/911/911 910/910/910
f 891/891/891 892/892/892 912/912/912
f 891/891/891 912/912/912 911/911/911
f 892/892/892 893/893/893 913/913/913
f 892/892/892 913/913/913 912/912/912
f 893/893/893 894/894/894 914/914/914
f 893/893/893 914/914/914 913/913/913
f 894/894/894 895/895/895 915/915/915
f 894/894/894 915/915/915 914/914/914
f 895/895/895 896/896/896 916/916/916
f 895/895/895 916/916/916 915/915/915
f 896/896/896 897/897/897 917/917/917
f 896/896/896 917/917/917 916/916/916
f 897/897/897 898/898/898 918/918/918
f 897/897/897 918/918/918 917/917/917
f 898/898/898 879/879/879 899/899/899
f 898/898/898 899/899/899 918/918/918
f 899/899/899 900/900/900 920/920/920
f 899/899/899 920/920/920 919/919/919
f 900/900/900 901/901/901 921/921/921
f 900/900/900 921/921/921 920/920/920
f 901/901/901 902/902/902 922/922/922
f 901/901/901 922/922/922 921/921/921
f 902/902/902 903/903/903 923/923/923
f 902/902/902 923/923/923 922/922/922
f 903/903/903 904/904/904 924/924/924
f 903/903/903 924/924/924 923/923/923
f 904/904/904 905/905/905 925/925/925
f 904/904/904 925/925/925 924/924/924
f 905/905/905 906/906/906 926/926/926
f 905/905/905 926/926/926 925/925/925
f 906/906/906 907/907/907 927/927/927
f 906/906/906 927/927/927 926/926/926
f 907/907/907 908/908/908 928/928/928
f 907/907/907 928/928/928 927/927/927
f 908/908/908 909/909/909 929/929/929
f 908/908/908 929/929/929 928/928/928
f 909/909/909 910/910/910 930/930/930
f 909/909/909 930/930/930 929/929/929
f 910/910/910 911/911/911 931/931/931
f 910/910/910 931/931/931 930/930/930
f 911/911/911 912/912/912 932/932/932
f 911/911/911 932/932/932 931/931/931
f 912/912/912 913/913/913 933/933/933
f 912/912/912 933/933/933 932/932/932
f 913/913/913 914/914/914 934/934/934
f 913/913/913 934/934/934 933/933/933
f 914/914/914 915/915/915 935/935/935
f 914/914/914 935/935/935 934/934/934
f 915/915/915 916/916/916 936/936/936
f 915/915/915 936/936/936 935/935/935
f 916/916/916 917/917/917 937/937/937
f 916/916/916 937/937/937 936/936/936
f 917/917/917 918/918/918 938/938/938
f 917/917/917 938/938/938 937/937/937
f 918/918/918 899/899/899 919/919/919
f 918/918/918 919/919/919 938/938/938
f 919/919/919 920/920/920 940/940/940
f 919/919/919 940/940/940 939/939/939
f 920/920/920 921/921/921 941/941/941
f 920/920/920 941/941/941 940/940/940
f 921/921/921 922/922/922 942/942/942
f 921/921/921 942/942/942 941/941/941
f 922/922/922 923/923/923 943/943/943
f 922/922/922 943/943/943 942/942/942
f 923/923/923 924/924/924 944/944/944
f 923/923/923 944/944/944 943/943/943
f 924/924/924 925/925/925 945/945/945
f 924/924/924 945/945/945 944/944/944
f 925/925/925 926/926/926 946/946/946
f 925/925/925 946/946/946 945/945/945
f 926/926/926 927/927/927 947/947/947
f 926/926/926 947/947/947 946/946/946
f 927/927/927 928/928/928 948/948/948
f 927/927/927 948/948/948 947/947/947
f 928/928/928 929/929/929 949/949/949
f 928/928/928 949/949/949 948/948/948
f 929/929/929 930/930/930 950/950/950
f 929/929/929 950/950/950 949/949/949
f 930/930/930 931/931/931 951/951/951
f 930/930/930 951/951/951 950/950/950
f 931/931/931 932/932/932 952/952/952
f 931/931/931 952/952/952 951/951/951
f 932/932/932 933/933/933 953/953/953
f 932/932/932 953/953/953 952/952/952
f 933/933/933 934/934/934 954/954/954
f 933/933/933 954/954/954 953/953/953
f 934/934/934 935/935/935 955/955/955
f 934/934/934 955/955/955 954/954/954
f 935/935/935 936/936/936 956/956/956
f 935/935/935 956/956/956 955/955/955
f 936/936/936 937/937/937 957/957/957
f 936/936/936 957/957/957 956/956/956
f 937/937/937 938/938/938 958/958/958
f 937/937/937 958/958/958 957/957/957
f 938/938/938 919/919/919 939/939/939
f 938/938/938 939/939/939 958/958/958
f 939/939/939 940/940/940 960/960/960
f 939/939/939 960/960/960 959/959/959
f 940/940/940 941/941/941 961/961/961
f 940/940/940 961/961/961 960/960/960
f 941/941/941 942/942/942 962/962/962
f 941/941/941 962/962/962 961/961/961
f 942/942/942 943/943/943 963/963/963
f 942/942/942 963/963/963 962/962/962
f 943/943/943 944/944/944 964/964/964
f 943/943/943 964/964/964 963/963/963
f 944/944/944 945/945/945 965/965/965
f 944/944/944 965/965/965 964/964/964
f 945/945/945 946/946/946 966/966/966
f 945/945/945 966/966/966 965/965/965
f 946/946/946 947/947/947 967/967/967
f 946/946/946 967/967/967 966/966/966
f 947/947/947 948/948/948 968/968/968
f 947/947/947 968/968/968 967/967/967
f 948/948/948 949/949/949 969/969/969
f 948/948/948 969/969/969 968/968/968
f 949/949/949 950/950/950 970/970/970
f 949/949/949 970/970/970 969/969/969
f 950/950/950 951/951/951 971/971/971
f 950/950/950 971/971/971 970/970/970
f 951/951/951 952/952/952 972/972/972
f 951/951/951 972/972/972 971/971/971
f 952/952/952 953/953/953 973/973/973
f 952/952/952 973/973/973 972/972/972
f 953/953/953 954/954/954 974/974/974
f 953/953/953 974/974/974 973/973/973
f 954/954/954 955/955/955 975/975/975
f 954/954/954 975/975/975 974/974/974
f 955/955/955 956/956/956 976/976/976
f 955/955/955 976/976/976 975/975/975
f 956/956/956 957/957/957 977/977/977
f 956/956/956 977/977/977 976/976/976
f 957/957/957 958/958/958 978/978/978
f 957/957/957 978/978/978 977/977/977
f 958/958/958 939/939/939 959/959/959
f 958/958/958 959/959/959 978/978/978
f 959/959/959 960/960/960 980/980/980
f 959/959/959 980/980/980 979/979/979
f 960/960/960 961/961/961 981/981/981
f 960/960/960 981/981/981 980/980/980
f 961/961/961 962/962/962 982/982/982
f 961/961/961 982/982/982 981/981/981
f 962/962/962 963/963/963 983/983/983
f 962/962/962 983/983/983 982/982/982
f 963/963/963 964/964/964 984/984/984
f 963/963/963 984/984/984 983/983/983
f 964/964/964 965/965/965 985/985/985
f 964/964/964 985/985/985 984/984/984
f 965/965/965 966/966/966 986/986/986
f 965/965/965 986/986/986 985/985/985
f 966/966/966 967/967/967 987/987/987
f 966/966/966 987/987/987 986/986/986
f 967/967/967 968/968/968 988/988/988
f 967/967/967 988/988/988 987/987/987
f 968/968/968 969/969/969 989/989/989
f 968/968/968 989/989/989 988/988/988
f 969/969/969 970/970/970 990/990/990
f 969/969/969 990/990/990 989/989/989
f 970/970/970 971/971/971 991/991/991
f 970/970/970 991/991/991 990/990/990
f 971/971/971 972/972/972 992/992/992
f 971/971/971 992/992/992 991/991/991
f 972/972/972 973/973/973 993/993/993
f 972/972/972 993/993/993 992/992/992
f 973/973/973 974/974/974 994/994/994
f 973/973/973 994/994/994 993/993/993
f 974/974/974 975/975/975 995/995/995
f 974/974/974 995/995/995 994/994/994
f 975/975/975 976/976/976 996/996/996
f 975/975/975 996/996/996 995/995/995
f 976/976/976 977/977/977 997/997/997
f 976/976/976 997/997/997 996/996/996
f 977/977/977 978/978/978 998/998/998
f 977/977/977 998/998/998 997/997/997
f 978/978/978 959/959/959 979/979/979
f 978/978/978 979/979/979 998/998/998
f 979/979/979 980/980/980 1000/1000/1000
f 979/979/979 1000/1000/1000 999/999/999
f 980/980/980 981/981/981 1001/1001/1001
f 980/980/980 1001/1001/1001 1000/1000/1000
f 981/981/981 982/982/982 1002/1002/1002
f 981/981/981 1002/1002/1002 1001/1001/1001
f 982/982/982 983/983/983 1003/1003/1003
f 982/982/982 1003/1003/1003 1002/1002/1002
f 983/983/983 984/984/984 1004/1004/1004
f 983/983/983 1004/1004/1004 1003/1003/1003
f 984/984/984 985/985/985 1005/1005/1005
f 984/984/984 1005/1005/1005 1004/1004/1004
f 985/985/985 986/986/986 1006/1006/1006
f 985/985/985 1006/1006/1006 1005/1005/1005
f 986/986/986 987/987/987 1007/1007/1007
f 986/986/986 1007/1007/1007 1006/1006/1006
f 987/987/987 988/988/988 1008/1008/1008
f 987/987/987 1008/1008/1008 1007/1007/1007
f 988/988/988 989/989/989 1009/1009/1009
f 988/988/988 1009/1009/1009 1008/1008/1008
f 989/989/989 990/990/990 1010/1010/1010
f 989/989/989 1010/1010/1010 1009/1009/1009
f 990/990/990 991/991/991 1011/1011/1011
f 990/990/990 1011/1011/1011 1010/1010/1010
f 991/991/991 992/992/992 1012/1012/1012
f 991/991/991 1012/1012/1012 1011/1011/1011
f 992/992/992 993/993/993 1013/1013/1013
f 992/992/992 1013/1013/1013 1012/1012/1012
f 993/993/993 994/994/994 1014/1014/1014
f 993/993/993 1014/1014/1014 1013/1013/1013
f 994/994/994 995/995/995 1015/1015/1015
f 994/994/994 1015/1015/1015 1014/1014/1014
f 995/995/995 996/996/996 1016/1016/1016
f 995/995/995 1016/1016/1016 1015/1015/1015
f 996/996/996 997/997/997 1017/1017/1017
f 996/996/996 1017/1017/1017 1016/1016/1016
f 997/997/997 998/998/998 1018/1018/1018
f 997/997/997 1018/1018/1018 1017/1017/1017
f 998/998/998 979/979/979 999/999/999
f 998/998/998 999/999/999 1018/1018/1018
f 999/999/999 1000/1000/1000 1020/1020/1020
f 999/999/999 1020/1020/1020 1019/1019/1019
f 1000/1000/1000 1001/1001/1001 1021/1021/1021
f 1000/1000/1000 1021/1021/1021 1020/1020/1020
f 1001/1001/1001 1002/1002/1002 1022/1022/1022
f 1001/1001/1001 1022/1022/1022 1021/1021/1021
f 1002/1002/1002 1003/1003/1003 1023/1023/1023
f 1002/1002/1002 1023/1023/1023 1022/1022/1022
f 1003/1003/1003 1004/1004/1004 1024/1024/1024
f 1003/1003/1003 1024/1024/1024 1023/1023/1023
f 1004/1004/1004 1005/1005/1005 1025/1025/1025
f 1004/1004/1004 1025/1025/1025 1024/1024/1024
f 1005/1005/1005 1006/1006/1006 1026/1026/1026
f 1005/1005/1005 1026/1026/1026 1025/1025/1025
f 1006/1006/1006 1007/1007/1007 1027/1027/1027
f 1006/1006/1006 1027/1027/1027 1026/1026/1026
f 1007/1007/1007 1008/1008/1008 1028/1028/1028
f 1007/1007/1007 1028/1028/1028 1027/1027/1027
f 1008/1008/1008 1009/1009/1009 1029/1029/1029
f 1008/1008/1008 1029/1029/1029 1028/1028/1028
f 1009/1009/1009 1010/1010/1010 1030/1030/1030
f 1009/1009/1009 1030/1030/1030 1029/1029/1029
f 1010/1010/1010 1011/1011/1011 1031/1031/1031
f 1010/1010/1010 1031/1031/1031 1030/1030/1030
f 1011/1011/1011 1012/1012/1012 1032/1032/1032
f 1011/1011/1011 1032/1032/1032 1031/1031/1031
f 1012/1012/1012 1013/1013/1013 1033/1033/1033
f 1012/1012/1012 1033/1033/1033 1032/1032/1032
f 1013/1013/1013 1014/1014/1014 1034/1034/1034
f 1013/1013/1013 1034/1034/1034 1033/1033/1033
f 1014/1014/1014 1015/1015/1015 1035/1035/1035
f 1014/1014/1014 1035/1035/1035 1034/1034/1034
f 1015/1015/1015 1016/1016/1016 1036/1036/1036
f 1015/1015/1015 1036/1036/1036 1035/1035/1035
f 1016/1016/1016 1017/1017/1017 1037/1037/1037
f 1016/1016/1016 1037/1037/1037 1036/1036/1036
f 1017/1017/1017 1018/1018/1018 1038/1038/1038
f 1017/1017/1017 1038/1038/1038 1037/1037/1037
f 1018/1018/1018 999/999/999 1019/1019/1019
f 1018/1018/1018 1019/1019/1019 1038/1038/1038
f 1019/1019/1019 1020/1020/1020 1040/1040/1040
f 1019/1019/1019 1040/1040/1040 1039/1039/1039
f 1020/1020/1020 1021/1021/1021 1041/1041/1041
f 1020/1020/1020 1041/1041/1041 1040/1040/1040
f 1021/1021/1021 1022/1022/1022 1042/1042/1042
f 1021/1021/1021 1042/1042/1042 1041/1041/1041
f 1022/1022/1022 1023/1023/1023 1043/1043/1043
f 1022/1022/1022 1043/1043/1043 1042/1042/1042
f 1023/1023/1023 1024/1024/1024 1044/1044/1044
f 1023/1023/1023 1044/1044/1044 1043/1043/1043
f 1024/1024/1024 1025/1025/1025 1045/1045/1045
f 1024/1024/1024 1045/1045/1045 1044/1044/1044
f 1025/1025/1025 1026/1026/1026 1046/1046/1046
f 1025/1025/1025 1046/1046/1046 1045/1045/1045
f 1026/1026/1026 1027/1027/1027 1047/1047/1047
f 1026/1026/1026 1047/1047/1047 1046/1046/1046
f 1027/1027/1027 1028/1028/1028 1048/1048/1048
f 1027/1027/1027 1048/1048/1048 1047/1047/1047
f 1028/1028/1028 1029/1029/1029 1049/1049/1049
f 1028/1028/1028 1049/1049/1049 1048/1048/1048
f 1029/1029/1029 1030/1030/1030 1050/1050/1050
f 1029/1029/1029 1050/1050/1050 1049/1049/1049
f 1030/1030/1030 1031/1031/1031 1051/1051/1051
f 1030/1030/1030 1051/1051/1051 1050/1050/1050
f 1031/1031/1031 1032/1032/1032 1052/1052/1052
f 1031/1031/1031 1052/1052/1052 1051/1051/1051
f 1032/1032/1032 1033/1033/1033 1053/1053/1053
f 1032/1032/1032 1053/1053/1053 1052/1052/1052
f 1033/1033/1033 1034/1034/1034 1054/1054/1054
f 1033/1033/1033 1054/1054/1054 1053/1053/1053
f 1034/1034/1034 1035/1035/1035 1055/1055/1055
f 1034/1034/1034 1055/1055/1055 1054/1054/1054
f 1035/1035/1035 1036/1036/1036 1056/1056/1056
f 1035/1035/1035 1056/1056/1056 1055/1055/1055
f 1036/1036/1036 1037/1037/1037 1057/1057/1057
f 1036/1036/1036 1057/1057/1057 1056/1056/1056
f 1037/1037/1037 1038/1038/1038 1058/1058/1058
f 1037/1037/1037 1058/1058/1058 1057/1057/1057
f 1038/1038/1038 1019/1019/1019 1039/1039/1039
f 1038/1038/1038 1039/1039/1039 1058/1058/1058
f 1039/1039/1039 1040/1040/1040 1060/1060/1060
f 1039/1039/1039 1060/1060/1060 1059/1059/1059
f 1040/1040/1040 1041/1041/1041 1061/1061/1061
f 1040/1040/1040 1061/1061/1061 1060/1060/1060
f 1041/1041/1041 1042/1042/1042 1062/1062/1062
f 1041/1041/1041 1062/1062/1062 1061/1061/1061
f 1042/1042/1042 1043/1043/1043 1063/1063/1063
f 1042/1042/1042 1063/1063/1063 1062/1062/1062
f 1043/1043/1043 1044/1044/1044 1064/1064/1064
f 1043/1043/1043 1064/1064/1064 1063/1063/1063
f 1044/1044/1044 1045/1045/1045 1065/1065/1065
f 1044/1044/1044 1065/1065/1065 1064/1064/1064
f 1045/1045/1045 1046/1046/1046 1066/1066/1066
f 1045/1045/1045 1066/1066/1066 1065/1065/1065
f 1046/1046/1046 1047/1047/1047 1067/1067/1067
f 1046/1046/1046 1067/1067/1067 1066/1066/1066
f 1047/1047/1047 1048/1048/1048 1068/1068/1068
f 1047/1047/1047 1068/1068/1068 1067/1067/1067
f 1048/1048/1048 1049/1049/1049 1069/1069/1069
f 1048/1048/1048 1069/1069/1069 1068/1068/1068
f 1049/1049/1049 1050/1050/1050 1070/1070/1070
f 1049/1049/1049 1070/1070/1070 1069/1069/1069
f 1050/1050/1050 1051/1051/1051 1071/1071/1071
f 1050/1050/1050 1071/1071/1071 1070/1070/1070
f 1051/1051/1051 1052/1052/1052 1072/1072/1072
f 1051/1051/1051 1072/1072/1072 1071/1071/1071
f 1052/1052/1052 1053/1053/1053 1073/1073/1073
f 1052/1052/1052 1073/1073/1073 1072/1072/1072
f 1053/1053/1053 1054/1054/1054 1074/1074/1074
f 1053/1053/1053 1074/1074/1074 1073/1073/1073
f 1054/1054/1054 1055/1055/1055 1075/1075/1075
f 1054/1054/1054 1075/1075/1075 1074/1074/1074
f 1055/1055/1055 1056/1056/1056 1076/1076/1076
f 1055/1055/1055 1076/1076/1076 1075/1075/1075
f 1056/1056/1056 1057/1057/1057 1077/1077/1077
f 1056/1056/1056 1077/1077/1077 1076/1076/1076
f 1057/1057/1057 1058/1058/1058 1078/1078/1078
f 1057/1057/1057 1078/1078/1078 1077/1077/1077
f 1058/1058/1058 1039/1039/1039 1059/1059/1059
f 1058/1058/1058 1059/1059/1059 1078/1078/1078
o UpperArm_Armor_R
usemtl Armor_Metal
v 1.130000 2.910000 -0.230000
v 1.130000 3.690000 -0.230000
v 1.130000 3.690000 0.230000
v 1.130000 2.910000 0.230000
v 0.750000 2.910000 0.230000
v 0.750000 3.690000 0.230000
v 0.750000 3.690000 -0.230000
v 0.750000 2.910000 -0.230000
v 0.750000 3.690000 -0.230000
v 0.750000 3.690000 0.230000
v 1.130000 3.690000 0.230000
v 1.130000 3.690000 -0.230000
v 0.750000 2.910000 0.230000
v 0.750000 2.910000 -0.230000
v 1.130000 2.910000 -0.230000
v 1.130000 2.910000 0.230000
v 0.750000 2.910000 0.230000
v 1.130000 2.910000 0.230000
v 1.130000 3.690000 0.230000
v 0.750000 3.690000 0.230000
v 1.130000 2.910000 -0.230000
v 0.750000 2.910000 -0.230000
v 0.750000 3.690000 -0.230000
v 1.130000 3.690000 -0.230000
vt 0.000000 0.000000
vt 1.000000 0.000000
vt 1.000000 1.000000
vt 0.000000 1.000000
vt 0.000000 0.000000
vt 1.000000 0.000000
vt 1.000000 1.000000
vt 0.000000 1.000000
vt 0.000000 0.000000
vt 1.000000 0.000000
vt 1.000000 1.000000
vt 0.000000 1.000000
vt 0.000000 0.000000
vt 1.000000 0.000000
vt 1.000000 1.000000
vt 0.000000 1.000000
vt 0.000000 0.000000
vt 1.000000 0.000000
vt 1.000000 1.000000
vt 0.000000 1.000000
vt 0.000000 0.000000
vt 1.000000 0.000000
vt 1.000000 1.000000
vt 0.000000 1.000000
vn 1.000000 0.000000 0.000000
vn 1.000000 0.000000 0.000000
vn 1.000000 0.000000 0.000000
vn 1.000000 0.000000 0.000000
vn -1.000000 0.000000 0.000000
vn -1.000000 0.000000 0.000000
vn -1.000000 0.000000 0.000000
vn -1.000000 0.000000 0.000000
vn 0.000000 1.000000 0.000000
vn 0.000000 1.000000 0.000000
vn 0.000000 1.000000 0.000000
vn 0.000000 1.000000 0.000000
vn 0.000000 -1.000000 0.000000
vn 0.000000 -1.000000 0.000000
vn 0.000000 -1.000000 0.000000
vn 0.000000 -1.000000 0.000000
vn 0.000000 0.000000 1.000000
vn 0.000000 0.000000 1.000000
vn 0.000000 0.000000 1.000000
vn 0.000000 0.000000 1.000000
vn 0.000000 0.000000 -1.000000
vn 0.000000 0.000000 -1.000000
vn 0.000000 0.000000 -1.000000
vn 0.000000 0.000000 -1.000000
f 1079/1079/1079 1080/1080/1080 1081/1081/1081
f 1079/1079/1079 1081/1081/1081 1082/1082/1082
f 1083/1083/1083 1084/1084/1084 1085/1085/1085
f 1083/1083/1083 1085/1085/1085 1086/1086/1086
f 1087/1087/1087 1088/1088/1088 1089/1089/1089
f 1087/1087/1087 1089/1089/1089 1090/1090/1090
f 1091/1091/1091 1092/1092/1092 1093/1093/1093
f 1091/1091/1091 1093/1093/1093 1094/1094/1094
f 1095/1095/1095 1096/1096/1096 1097/1097/1097
f 1095/1095/1095 1097/1097/1097 1098/1098/1098
f 1099/1099/1099 1100/1100/1100 1101/1101/1101
f 1099/1099/1099 1101/1101/1101 1102/1102/1102
o Gauntlet_R
usemtl Armor_Metal
v 1.280000 2.380000 -0.140000
v 1.280000 2.880000 -0.140000
v 1.280000 2.880000 0.300000
v 1.280000 2.380000 0.300000
v 0.920000 2.380000 0.300000
v 0.920000 2.880000 0.300000
v 0.920000 2.880000 -0.140000
v 0.920000 2.380000 -0.140000
v 0.920000 2.880000 -0.140000
v 0.920000 2.880000 0.300000
v 1.280000 2.880000 0.300000
v 1.280000 2.880000 -0.140000
v 0.920000 2.380000 0.300000
v 0.920000 2.380000 -0.140000
v 1.280000 2.380000 -0.140000
v 1.280000 2.380000 0.300000
v 0.920000 2.380000 0.300000
v 1.280000 2.380000 0.300000
v 1.280000 2.880000 0.300000
v 0.920000 2.880000 0.300000
v 1.280000 2.380000 -0.140000
v 0.920000 2.380000 -0.140000
v 0.920000 2.880000 -0.140000
v 1.280000 2.880000 -0.140000
v 1.240000 2.300000 0.080000
v 1.229343 2.300000 0.133576
v 1.229343 2.460000 0.133576
v 1.240000 2.460000 0.080000
v 1.229343 2.300000 0.133576
v 1.198995 2.300000 0.178995
v 1.198995 2.460000 0.178995
v 1.229343 2.460000 0.133576
v 1.198995 2.300000 0.178995
v 1.153576 2.300000 0.209343
v 1.153576 2.460000 0.209343
v 1.198995 2.460000 0.178995
v 1.153576 2.300000 0.209343
v 1.100000 2.300000 0.220000
v 1.100000 2.460000 0.220000
v 1.153576 2.460000 0.209343
v 1.100000 2.300000 0.220000
v 1.046424 2.300000 0.209343
v 1.046424 2.460000 0.209343
v 1.100000 2.460000 0.220000
v 1.046424 2.300000 0.209343
v 1.001005 2.300000 0.178995
v 1.001005 2.460000 0.178995
v 1.046424 2.460000 0.209343
v 1.001005 2.300000 0.178995
v 0.970657 2.300000 0.133576
v 0.970657 2.460000 0.133576
v 1.001005 2.460000 0.178995
v 0.970657 2.300000 0.133576
v 0.960000 2.300000 0.080000
v 0.960000 2.460000 0.080000
v 0.970657 2.460000 0.133576
v 0.960000 2.300000 0.080000
v 0.970657 2.300000 0.026424
v 0.970657 2.460000 0.026424
v 0.960000 2.460000 0.080000
v 0.970657 2.300000 0.026424
v 1.001005 2.300000 -0.018995
v 1.001005 2.460000 -0.018995
v 0.970657 2.460000 0.026424
v 1.001005 2.300000 -0.018995
v 1.046424 2.300000 -0.049343
v 1.046424 2.460000 -0.049343
v 1.001005 2.460000 -0.018995
v 1.046424 2.300000 -0.049343
v 1.100000 2.300000 -0.060000
v 1.100000 2.460000 -0.060000
v 1.046424 2.460000 -0.049343
v 1.100000 2.300000 -0.060000
v 1.153576 2.300000 -0.049343
v 1.153576 2.460000 -0.049343
v 1.100000 2.460000 -0.060000
v 1.153576 2.300000 -0.049343
v 1.198995 2.300000 -0.018995
v 1.198995 2.460000 -0.018995
v 1.153576 2.460000 -0.049343
v 1.198995 2.300000 -0.018995
v 1.229343 2.300000 0.026424
v 1.229343 2.460000 0.026424
v 1.198995 2.460000 -0.018995
v 1.229343 2.300000 0.026424
v 1.240000 2.300000 0.080000
v 1.240000 2.460000 0.080000
v 1.229343 2.460000 0.026424
v 1.100000 2.460000 0.080000
v 1.100000 2.300000 0.080000
v 1.240000 2.460000 0.080000
v 1.229343 2.460000 0.133576
v 1.240000 2.300000 0.080000
v 1.229343 2.300000 0.133576
v 1.229343 2.460000 0.133576
v 1.198995 2.460000 0.178995
v 1.229343 2.300000 0.133576
v 1.198995 2.300000 0.178995
v 1.198995 2.460000 0.178995
v 1.153576 2.460000 0.209343
v 1.198995 2.300000 0.178995
v 1.153576 2.300000 0.209343
v 1.153576 2.460000 0.209343
v 1.100000 2.460000 0.220000
v 1.153576 2.300000 0.209343
v 1.100000 2.300000 0.220000
v 1.100000 2.460000 0.220000
v 1.046424 2.460000 0.209343
v 1.100000 2.300000 0.220000
v 1.046424 2.300000 0.209343
v 1.046424 2.460000 0.209343
v 1.001005 2.460000 0.178995
v 1.046424 2.300000 0.209343
v 1.001005 2.300000 0.178995
v 1.001005 2.460000 0.178995
v 0.970657 2.460000 0.133576
v 1.001005 2.300000 0.178995
v 0.970657 2.300000 0.133576
v 0.970657 2.460000 0.133576
v 0.960000 2.460000 0.080000
v 0.970657 2.300000 0.133576
v 0.960000 2.300000 0.080000
v 0.960000 2.460000 0.080000
v 0.970657 2.460000 0.026424
v 0.960000 2.300000 0.080000
v 0.970657 2.300000 0.026424
v 0.970657 2.460000 0.026424
v 1.001005 2.460000 -0.018995
v 0.970657 2.300000 0.026424
v 1.001005 2.300000 -0.018995
v 1.001005 2.460000 -0.018995
v 1.046424 2.460000 -0.049343
v 1.001005 2.300000 -0.018995
v 1.046424 2.300000 -0.049343
v 1.046424 2.460000 -0.049343
v 1.100000 2.460000 -0.060000
v 1.046424 2.300000 -0.049343
v 1.100000 2.300000 -0.060000
v 1.100000 2.460000 -0.060000
v 1.153576 2.460000 -0.049343
v 1.100000 2.300000 -0.060000
v 1.153576 2.300000 -0.049343
v 1.153576 2.460000 -0.049343
v 1.198995 2.460000 -0.018995
v 1.153576 2.300000 -0.049343
v 1.198995 2.300000 -0.018995
v 1.198995 2.460000 -0.018995
v 1.229343 2.460000 0.026424
v 1.198995 2.300000 -0.018995
v 1.229343 2.300000 0.026424
v 1.229343 2.460000 0.026424
v 1.240000 2.460000 0.080000
v 1.229343 2.300000 0.026424
v 1.240000 2.300000 0.080000
vt 0.000000 0.000000
vt 1.000000 0.000000
vt 1.000000 1.000000
vt 0.000000 1.000000
vt 0.000000 0.000000
vt 1.000000 0.000000
vt 1.000000 1.000000
vt 0.000000 1.000000
vt 0.000000 0.000000
vt 1.000000 0.000000
vt 1.000000 1.000000
vt 0.000000 1.000000
vt 0.000000 0.000000
vt 1.000000 0.000000
vt 1.000000 1.000000
vt 0.000000 1.000000
vt 0.000000 0.000000
vt 1.000000 0.000000
vt 1.000000 1.000000
vt 0.000000 1.000000
vt 0.000000 0.000000
vt 1.000000 0.000000
vt 1.000000 1.000000
vt 0.000000 1.000000
vt 0.000000 0.000000
vt 0.062500 0.000000
vt 0.062500 1.000000
vt 0.000000 1.000000
vt 0.062500 0.000000
vt 0.125000 0.000000
vt 0.125000 1.000000
vt 0.062500 1.000000
vt 0.125000 0.000000
vt 0.187500 0.000000
vt 0.187500 1.000000
vt 0.125000 1.000000
vt 0.187500 0.000000
vt 0.250000 0.000000
vt 0.250000 1.000000
vt 0.187500 1.000000
vt 0.250000 0.000000
vt 0.312500 0.000000
vt 0.312500 1.000000
vt 0.250000 1.000000
vt 0.312500 0.000000
vt 0.375000 0.000000
vt 0.375000 1.000000
vt 0.312500 1.000000
vt 0.375000 0.000000
vt 0.437500 0.000000
vt 0.437500 1.000000
vt 0.375000 1.000000
vt 0.437500 0.000000
vt 0.500000 0.000000
vt 0.500000 1.000000
vt 0.437500 1.000000
vt 0.500000 0.000000
vt 0.562500 0.000000
vt 0.562500 1.000000
vt 0.500000 1.000000
vt 0.562500 0.000000
vt 0.625000 0.000000
vt 0.625000 1.000000
vt 0.562500 1.000000
vt 0.625000 0.000000
vt 0.687500 0.000000
vt 0.687500 1.000000
vt 0.625000 1.000000
vt 0.687500 0.000000
vt 0.750000 0.000000
vt 0.750000 1.000000
vt 0.687500 1.000000
vt 0.750000 0.000000
vt 0.812500 0.000000
vt 0.812500 1.000000
vt 0.750000 1.000000
vt 0.812500 0.000000
vt 0.875000 0.000000
vt 0.875000 1.000000
vt 0.812500 1.000000
vt 0.875000 0.000000
vt 0.937500 0.000000
vt 0.937500 1.000000
vt 0.875000 1.000000
vt 0.937500 0.000000
vt 1.000000 0.000000
vt 1.000000 1.000000
vt 0.937500 1.000000
vt 0.500000 0.500000
vt 0.500000 0.500000
vt 1.000000 0.500000
vt 0.961940 0.691342
vt 1.000000 0.500000
vt 0.961940 0.691342
vt 0.961940 0.691342
vt 0.853553 0.853553
vt 0.961940 0.691342
vt 0.853553 0.853553
vt 0.853553 0.853553
vt 0.691342 0.961940
vt 0.853553 0.853553
vt 0.691342 0.961940
vt 0.691342 0.961940
vt 0.500000 1.000000
vt 0.691342 0.961940
vt 0.500000 1.000000
vt 0.500000 1.000000
vt 0.308658 0.961940
vt 0.500000 1.000000
vt 0.308658 0.961940
vt 0.308658 0.961940
vt 0.146447 0.853553
vt 0.308658 0.961940
vt 0.146447 0.853553
vt 0.146447 0.853553
vt 0.038060 0.691342
vt 0.146447 0.853553
vt 0.038060 0.691342
vt 0.038060 0.691342
vt 0.000000 0.500000
vt 0.038060 0.691342
vt 0.000000 0.500000
vt 0.000000 0.500000
vt 0.038060 0.308658
vt 0.000000 0.500000
vt 0.038060 0.308658
vt 0.038060 0.308658
vt 0.146447 0.146447
vt 0.038060 0.308658
vt 0.146447 0.146447
vt 0.146447 0.146447
vt 0.308658 0.038060
vt 0.146447 0.146447
vt 0.308658 0.038060
vt 0.308658 0.038060
vt 0.500000 0.000000
vt 0.308658 0.038060
vt 0.500000 0.000000
vt 0.500000 0.000000
vt 0.691342 0.038060
vt 0.500000 0.000000
vt 0.691342 0.038060
vt 0.691342 0.038060
vt 0.853553 0.146447
vt 0.691342 0.038060
vt 0.853553 0.146447
vt 0.853553 0.146447
vt 0.961940 0.308658
vt 0.853553 0.146447
vt 0.961940 0.308658
vt 0.961940 0.308658
vt 1.000000 0.500000
vt 0.961940 0.308658
vt 1.000000 0.500000
vn 1.000000 0.000000 0.000000
vn 1.000000 0.000000 0.000000
vn 1.000000 0.000000 0.000000
vn 1.000000 0.000000 0.000000
vn -1.000000 0.000000 0.000000
vn -1.000000 0.000000 0.000000
vn -1.000000 0.000000 0.000000
vn -1.000000 0.000000 0.000000
vn 0.000000 1.000000 0.000000
vn 0.000000 1.000000 0.000000
vn 0.000000 1.000000 0.000000
vn 0.000000 1.000000 0.000000
vn 0.000000 -1.000000 0.000000
vn 0.000000 -1.000000 0.000000
vn 0.000000 -1.000000 0.000000
vn 0.000000 -1.000000 0.000000
vn 0.000000 0.000000 1.000000
vn 0.000000 0.000000 1.000000
vn 0.000000 0.000000 1.000000
vn 0.000000 0.000000 1.000000
vn 0.000000 0.000000 -1.000000
vn 0.000000 0.000000 -1.000000
vn 0.000000 0.000000 -1.000000
vn 0.000000 0.000000 -1.000000
vn 1.000000 0.000000 0.000000
vn 0.923880 0.000000 0.382683
vn 0.923880 0.000000 0.382683
vn 1.000000 0.000000 0.000000
vn 0.923880 0.000000 0.382683
vn 0.707107 0.000000 0.707107
vn 0.707107 0.000000 0.707107
vn 0.923880 0.000000 0.382683
vn 0.707107 0.000000 0.707107
vn 0.382683 0.000000 0.923880
vn 0.382683 0.000000 0.923880
vn 0.707107 0.000000 0.707107
vn 0.382683 0.000000 0.923880
vn 0.000000 0.000000 1.000000
vn 0.000000 0.000000 1.000000
vn 0.382683 0.000000 0.923880
vn 0.000000 0.000000 1.000000
vn -0.382683 0.000000 0.923880
vn -0.382683 0.000000 0.923880
vn 0.000000 0.000000 1.000000
vn -0.382683 0.000000 0.923880
vn -0.707107 0.000000 0.707107
vn -0.707107 0.000000 0.707107
vn -0.382683 0.000000 0.923880
vn -0.707107 0.000000 0.707107
vn -0.923880 0.000000 0.382683
vn -0.923880 0.000000 0.382683
vn -0.707107 0.000000 0.707107
vn -0.923880 0.000000 0.382683
vn -1.000000 0.000000 0.000000
vn -1.000000 0.000000 0.000000
vn -0.923880 0.000000 0.382683
vn -1.000000 0.000000 0.000000
vn -0.923880 0.000000 -0.382683
vn -0.923880 0.000000 -0.382683
vn -1.000000 0.000000 0.000000
vn -0.923880 0.000000 -0.382683
vn -0.707107 0.000000 -0.707107
vn -0.707107 0.000000 -0.707107
vn -0.923880 0.000000 -0.382683
vn -0.707107 0.000000 -0.707107
vn -0.382683 0.000000 -0.923880
vn -0.382683 0.000000 -0.923880
vn -0.707107 0.000000 -0.707107
vn -0.382683 0.000000 -0.923880
vn -0.000000 0.000000 -1.000000
vn -0.000000 0.000000 -1.000000
vn -0.382683 0.000000 -0.923880
vn -0.000000 0.000000 -1.000000
vn 0.382683 0.000000 -0.923880
vn 0.382683 0.000000 -0.923880
vn -0.000000 0.000000 -1.000000
vn 0.382683 0.000000 -0.923880
vn 0.707107 0.000000 -0.707107
vn 0.707107 0.000000 -0.707107
vn 0.382683 0.000000 -0.923880
vn 0.707107 0.000000 -0.707107
vn 0.923880 0.000000 -0.382683
vn 0.923880 0.000000 -0.382683
vn 0.707107 0.000000 -0.707107
vn 0.923880 0.000000 -0.382683
vn 1.000000 0.000000 -0.000000
vn 1.000000 0.000000 -0.000000
vn 0.923880 0.000000 -0.382683
vn 0.000000 1.000000 0.000000
vn 0.000000 -1.000000 0.000000
vn 0.000000 1.000000 0.000000
vn 0.000000 1.000000 0.000000
vn 0.000000 -1.000000 0.000000
vn 0.000000 -1.000000 0.000000
vn 0.000000 1.000000 0.000000
vn 0.000000 1.000000 0.000000
vn 0.000000 -1.000000 0.000000
vn 0.000000 -1.000000 0.000000
vn 0.000000 1.000000 0.000000
vn 0.000000 1.000000 0.000000
vn 0.000000 -1.000000 0.000000
vn 0.000000 -1.000000 0.000000
vn 0.000000 1.000000 0.000000
vn 0.000000 1.000000 0.000000
vn 0.000000 -1.000000 0.000000
vn 0.000000 -1.000000 0.000000
vn 0.000000 1.000000 0.000000
vn 0.000000 1.000000 0.000000
vn 0.000000 -1.000000 0.000000
vn 0.000000 -1.000000 0.000000
vn 0.000000 1.000000 0.000000
vn 0.000000 1.000000 0.000000
vn 0.000000 -1.000000 0.000000
vn 0.000000 -1.000000 0.000000
vn 0.000000 1.000000 0.000000
vn 0.000000 1.000000 0.000000
vn 0.000000 -1.000000 0.000000
vn 0.000000 -1.000000 0.000000
vn 0.000000 1.000000 0.000000
vn 0.000000 1.000000 0.000000
vn 0.000000 -1.000000 0.000000
vn 0.000000 -1.000000 0.000000
vn 0.000000 1.000000 0.000000
vn 0.000000 1.000000 0.000000
vn 0.000000 -1.000000 0.000000
vn 0.000000 -1.000000 0.000000
vn 0.000000 1.000000 0.000000
vn 0.000000 1.000000 0.000000
vn 0.000000 -1.000000 0.000000
vn 0.000000 -1.000000 0.000000
vn 0.000000 1.000000 0.000000
vn 0.000000 1.000000 0.000000
vn 0.000000 -1.000000 0.000000
vn 0.000000 -1.000000 0.000000
vn 0.000000 1.000000 0.000000
vn 0.000000 1.000000 0.000000
vn 0.000000 -1.000000 0.000000
vn 0.000000 -1.000000 0.000000
vn 0.000000 1.000000 0.000000
vn 0.000000 1.000000 0.000000
vn 0.000000 -1.000000 0.000000
vn 0.000000 -1.000000 0.000000
vn 0.000000 1.000000 0.000000
vn 0.000000 1.000000 0.000000
vn 0.000000 -1.000000 0.000000
vn 0.000000 -1.000000 0.000000
vn 0.000000 1.000000 0.000000
vn 0.000000 1.000000 0.000000
vn 0.000000 -1.000000 0.000000
vn 0.000000 -1.000000 0.000000
vn 0.000000 1.000000 0.000000
vn 0.000000 1.000000 0.000000
vn 0.000000 -1.000000 0.000000
vn 0.000000 -1.000000 0.000000
f 1103/1103/1103 1104/1104/1104 1105/1105/1105
f 1103/1103/1103 1105/1105/1105 1106/1106/1106
f 1107/1107/1107 1108/1108/1108 1109/1109/1109
f 1107/1107/1107 1109/1109/1109 1110/1110/1110
f 1111/1111/1111 1112/1112/1112 1113/1113/1113
f 1111/1111/1111 1113/1113/1113 1114/1114/1114
f 1115/1115/1115 1116/1116/1116 1117/1117/1117
f 1115/1115/1115 1117/1117/1117 1118/1118/1118
f 1119/1119/1119 1120/1120/1120 1121/1121/1121
f 1119/1119/1119 1121/1121/1121 1122/1122/1122
f 1123/1123/1123 1124/1124/1124 1125/1125/1125
f 1123/1123/1123 1125/1125/1125 1126/1126/1126
f 1127/1127/1127 1128/1128/1128 1129/1129/1129
f 1127/1127/1127 1129/1129/1129 1130/1130/1130
f 1131/1131/1131 1132/1132/1132 1133/1133/1133
f 1131/1131/1131 1133/1133/1133 1134/1134/1134
f 1135/1135/1135 1136/1136/1136 1137/1137/1137
f 1135/1135/1135 1137/1137/1137 1138/1138/1138
f 1139/1139/1139 1140/1140/1140 1141/1141/1141
f 1139/1139/1139 1141/1141/1141 1142/1142/1142
f 1143/1143/1143 1144/1144/1144 1145/1145/1145
f 1143/1143/1143 1145/1145/1145 1146/1146/1146
f 1147/1147/1147 1148/1148/1148 1149/1149/1149
f 1147/1147/1147 1149/1149/1149 1150/1150/1150
f 1151/1151/1151 1152/1152/1152 1153/1153/1153
f 1151/1151/1151 1153/1153/1153 1154/1154/1154
f 1155/1155/1155 1156/1156/1156 1157/1157/1157
f 1155/1155/1155 1157/1157/1157 1158/1158/1158
f 1159/1159/1159 1160/1160/1160 1161/1161/1161
f 1159/1159/1159 1161/1161/1161 1162/1162/1162
f 1163/1163/1163 1164/1164/1164 1165/1165/1165
f 1163/1163/1163 1165/1165/1165 1166/1166/1166
f 1167/1167/1167 1168/1168/1168 1169/1169/1169
f 1167/1167/1167 1169/1169/1169 1170/1170/1170
f 1171/1171/1171 1172/1172/1172 1173/1173/1173
f 1171/1171/1171 1173/1173/1173 1174/1174/1174
f 1175/1175/1175 1176/1176/1176 1177/1177/1177
f 1175/1175/1175 1177/1177/1177 1178/1178/1178
f 1179/1179/1179 1180/1180/1180 1181/1181/1181
f 1179/1179/1179 1181/1181/1181 1182/1182/1182
f 1183/1183/1183 1184/1184/1184 1185/1185/1185
f 1183/1183/1183 1185/1185/1185 1186/1186/1186
f 1187/1187/1187 1188/1188/1188 1189/1189/1189
f 1187/1187/1187 1189/1189/1189 1190/1190/1190
f 1191/1191/1191 1193/1193/1193 1194/1194/1194
f 1192/1192/1192 1196/1196/1196 1195/1195/1195
f 1191/1191/1191 1197/1197/1197 1198/1198/1198
f 1192/1192/1192 1200/1200/1200 1199/1199/1199
f 1191/1191/1191 1201/1201/1201 1202/1202/1202
f 1192/1192/1192 1204/1204/1204 1203/1203/1203
f 1191/1191/1191 1205/1205/1205 1206/1206/1206
f 1192/1192/1192 1208/1208/1208 1207/1207/1207
f 1191/1191/1191 1209/1209/1209 1210/1210/1210
f 1192/1192/1192 1212/1212/1212 1211/1211/1211
f 1191/1191/1191 1213/1213/1213 1214/1214/1214
f 1192/1192/1192 1216/1216/1216 1215/1215/1215
f 1191/1191/1191 1217/1217/1217 1218/1218/1218
f 1192/1192/1192 1220/1220/1220 1219/1219/1219
f 1191/1191/1191 1221/1221/1221 1222/1222/1222
f 1192/1192/1192 1224/1224/1224 1223/1223/1223
f 1191/1191/1191 1225/1225/1225 1226/1226/1226
f 1192/1192/1192 1228/1228/1228 1227/1227/1227
f 1191/1191/1191 1229/1229/1229 1230/1230/1230
f 1192/1192/1192 1232/1232/1232 1231/1231/1231
f 1191/1191/1191 1233/1233/1233 1234/1234/1234
f 1192/1192/1192 1236/1236/1236 1235/1235/1235
f 1191/1191/1191 1237/1237/1237 1238/1238/1238
f 1192/1192/1192 1240/1240/1240 1239/1239/1239
f 1191/1191/1191 1241/1241/1241 1242/1242/1242
f 1192/1192/1192 1244/1244/1244 1243/1243/1243
f 1191/1191/1191 1245/1245/1245 1246/1246/1246
f 1192/1192/1192 1248/1248/1248 1247/1247/1247
f 1191/1191/1191 1249/1249/1249 1250/1250/1250
f 1192/1192/1192 1252/1252/1252 1251/1251/1251
f 1191/1191/1191 1253/1253/1253 1254/1254/1254
f 1192/1192/1192 1256/1256/1256 1255/1255/1255
o Belt
usemtl Leather_Belts
v 0.670000 2.240000 -0.410000
v 0.670000 2.480000 -0.410000
v 0.670000 2.480000 0.410000
v 0.670000 2.240000 0.410000
v -0.670000 2.240000 0.410000
v -0.670000 2.480000 0.410000
v -0.670000 2.480000 -0.410000
v -0.670000 2.240000 -0.410000
v -0.670000 2.480000 -0.410000
v -0.670000 2.480000 0.410000
v 0.670000 2.480000 0.410000
v 0.670000 2.480000 -0.410000
v -0.670000 2.240000 0.410000
v -0.670000 2.240000 -0.410000
v 0.670000 2.240000 -0.410000
v 0.670000 2.240000 0.410000
v -0.670000 2.240000 0.410000
v 0.670000 2.240000 0.410000
v 0.670000 2.480000 0.410000
v -0.670000 2.480000 0.410000
v 0.670000 2.240000 -0.410000
v -0.670000 2.240000 -0.410000
v -0.670000 2.480000 -0.410000
v 0.670000 2.480000 -0.410000
v 0.130000 2.220000 0.400000
v 0.130000 2.500000 0.400000
v 0.130000 2.500000 0.480000
v 0.130000 2.220000 0.480000
v -0.130000 2.220000 0.480000
v -0.130000 2.500000 0.480000
v -0.130000 2.500000 0.400000
v -0.130000 2.220000 0.400000
v -0.130000 2.500000 0.400000
v -0.130000 2.500000 0.480000
v 0.130000 2.500000 0.480000
v 0.130000 2.500000 0.400000
v -0.130000 2.220000 0.480000
v -0.130000 2.220000 0.400000
v 0.130000 2.220000 0.400000
v 0.130000 2.220000 0.480000
v -0.130000 2.220000 0.480000
v 0.130000 2.220000 0.480000
v 0.130000 2.500000 0.480000
v -0.130000 2.500000 0.480000
v 0.130000 2.220000 0.400000
v -0.130000 2.220000 0.400000
v -0.130000 2.500000 0.400000
v 0.130000 2.500000 0.400000
vt 0.000000 0.000000
vt 1.000000 0.000000
vt 1.000000 1.000000
vt 0.000000 1.000000
vt 0.000000 0.000000
vt 1.000000 0.000000
vt 1.000000 1.000000
vt 0.000000 1.000000
vt 0.000000 0.000000
vt 1.000000 0.000000
vt 1.000000 1.000000
vt 0.000000 1.000000
vt 0.000000 0.000000
vt 1.000000 0.000000
vt 1.000000 1.000000
vt 0.000000 1.000000
vt 0.000000 0.000000
vt 1.000000 0.000000
vt 1.000000 1.000000
vt 0.000000 1.000000
vt 0.000000 0.000000
vt 1.000000 0.000000
vt 1.000000 1.000000
vt 0.000000 1.000000
vt 0.000000 0.000000
vt 1.000000 0.000000
vt 1.000000 1.000000
vt 0.000000 1.000000
vt 0.000000 0.000000
vt 1.000000 0.000000
vt 1.000000 1.000000
vt 0.000000 1.000000
vt 0.000000 0.000000
vt 1.000000 0.000000
vt 1.000000 1.000000
vt 0.000000 1.000000
vt 0.000000 0.000000
vt 1.000000 0.000000
vt 1.000000 1.000000
vt 0.000000 1.000000
vt 0.000000 0.000000
vt 1.000000 0.000000
vt 1.000000 1.000000
vt 0.000000 1.000000
vt 0.000000 0.000000
vt 1.000000 0.000000
vt 1.000000 1.000000
vt 0.000000 1.000000
vn 1.000000 0.000000 0.000000
vn 1.000000 0.000000 0.000000
vn 1.000000 0.000000 0.000000
vn 1.000000 0.000000 0.000000
vn -1.000000 0.000000 0.000000
vn -1.000000 0.000000 0.000000
vn -1.000000 0.000000 0.000000
vn -1.000000 0.000000 0.000000
vn 0.000000 1.000000 0.000000
vn 0.000000 1.000000 0.000000
vn 0.000000 1.000000 0.000000
vn 0.000000 1.000000 0.000000
vn 0.000000 -1.000000 0.000000
vn 0.000000 -1.000000 0.000000
vn 0.000000 -1.000000 0.000000
vn 0.000000 -1.000000 0.000000
vn 0.000000 0.000000 1.000000
vn 0.000000 0.000000 1.000000
vn 0.000000 0.000000 1.000000
vn 0.000000 0.000000 1.000000
vn 0.000000 0.000000 -1.000000
vn 0.000000 0.000000 -1.000000
vn 0.000000 0.000000 -1.000000
vn 0.000000 0.000000 -1.000000
vn 1.000000 0.000000 0.000000
vn 1.000000 0.000000 0.000000
vn 1.000000 0.000000 0.000000
vn 1.000000 0.000000 0.000000
vn -1.000000 0.000000 0.000000
vn -1.000000 0.000000 0.000000
vn -1.000000 0.000000 0.000000
vn -1.000000 0.000000 0.000000
vn 0.000000 1.000000 0.000000
vn 0.000000 1.000000 0.000000
vn 0.000000 1.000000 0.000000
vn 0.000000 1.000000 0.000000
vn 0.000000 -1.000000 0.000000
vn 0.000000 -1.000000 0.000000
vn 0.000000 -1.000000 0.000000
vn 0.000000 -1.000000 0.000000
vn 0.000000 0.000000 1.000000
vn 0.000000 0.000000 1.000000
vn 0.000000 0.000000 1.000000
vn 0.000000 0.000000 1.000000
vn 0.000000 0.000000 -1.000000
vn 0.000000 0.000000 -1.000000
vn 0.000000 0.000000 -1.000000
vn 0.000000 0.000000 -1.000000
f 1257/1257/1257 1258/1258/1258 1259/1259/1259
f 1257/1257/1257 1259/1259/1259 1260/1260/1260
f 1261/1261/1261 1262/1262/1262 1263/1263/1263
f 1261/1261/1261 1263/1263/1263 1264/1264/1264
f 1265/1265/1265 1266/1266/1266 1267/1267/1267
f 1265/1265/1265 1267/1267/1267 1268/1268/1268
f 1269/1269/1269 1270/1270/1270 1271/1271/1271
f 1269/1269/1269 1271/1271/1271 1272/1272/1272
f 1273/1273/1273 1274/1274/1274 1275/1275/1275
f 1273/1273/1273 1275/1275/1275 1276/1276/1276
f 1277/1277/1277 1278/1278/1278 1279/1279/1279
f 1277/1277/1277 1279/1279/1279 1280/1280/1280
f 1281/1281/1281 1282/1282/1282 1283/1283/1283
f 1281/1281/1281 1283/1283/1283 1284/1284/1284
f 1285/1285/1285 1286/1286/1286 1287/1287/1287
f 1285/1285/1285 1287/1287/1287 1288/1288/1288
f 1289/1289/1289 1290/1290/1290 1291/1291/1291
f 1289/1289/1289 1291/1291/1291 1292/1292/1292
f 1293/1293/1293 1294/1294/1294 1295/1295/1295
f 1293/1293/1293 1295/1295/1295 1296/1296/1296
f 1297/1297/1297 1298/1298/1298 1299/1299/1299
f 1297/1297/1297 1299/1299/1299 1300/1300/1300
f 1301/1301/1301 1302/1302/1302 1303/1303/1303
f 1301/1301/1301 1303/1303/1303 1304/1304/1304
o Cloth_Skirt_Front
usemtl Cloth_Cape
v -0.575000 2.300000 0.440000
v -0.345000 2.300000 0.431771
v -0.115000 2.300000 0.426685
v 0.115000 2.300000 0.426685
v 0.345000 2.300000 0.431771
v 0.575000 2.300000 0.440000
v -0.575000 2.056000 0.440000
v -0.345000 2.056000 0.428715
v -0.115000 2.056000 0.421740
v 0.115000 2.056000 0.421740
v 0.345000 2.056000 0.428715
v 0.575000 2.056000 0.440000
v -0.575000 1.812000 0.440000
v -0.345000 1.812000 0.425658
v -0.115000 1.812000 0.416794
v 0.115000 1.812000 0.416794
v 0.345000 1.812000 0.425658
v 0.575000 1.812000 0.440000
v -0.575000 1.568000 0.440000
v -0.345000 1.568000 0.422602
v -0.115000 1.568000 0.411849
v 0.115000 1.568000 0.411849
v 0.345000 1.568000 0.422602
v 0.575000 1.568000 0.440000
v -0.575000 1.324000 0.440000
v -0.345000 1.324000 0.419545
v -0.115000 1.324000 0.406903
v 0.115000 1.324000 0.406903
v 0.345000 1.324000 0.419545
v 0.575000 1.324000 0.440000
v -0.575000 1.080000 0.440000
v -0.345000 1.080000 0.416489
v -0.115000 1.080000 0.401958
v 0.115000 1.080000 0.401958
v 0.345000 1.080000 0.416489
v 0.575000 1.080000 0.440000
vt 0.000000 1.000000
vt 0.200000 1.000000
vt 0.400000 1.000000
vt 0.600000 1.000000
vt 0.800000 1.000000
vt 1.000000 1.000000
vt 0.000000 0.800000
vt 0.200000 0.800000
vt 0.400000 0.800000
vt 0.600000 0.800000
vt 0.800000 0.800000
vt 1.000000 0.800000
vt 0.000000 0.600000
vt 0.200000 0.600000
vt 0.400000 0.600000
vt 0.600000 0.600000
vt 0.800000 0.600000
vt 1.000000 0.600000
vt 0.000000 0.400000
vt 0.200000 0.400000
vt 0.400000 0.400000
vt 0.600000 0.400000
vt 0.800000 0.400000
vt 1.000000 0.400000
vt 0.000000 0.200000
vt 0.200000 0.200000
vt 0.400000 0.200000
vt 0.600000 0.200000
vt 0.800000 0.200000
vt 1.000000 0.200000
vt 0.000000 0.000000
vt 0.200000 0.000000
vt 0.400000 0.000000
vt 0.600000 0.000000
vt 0.800000 0.000000
vt 1.000000 0.000000
vn 0.000000 0.000000 1.000000
vn 0.000000 0.000000 1.000000
vn 0.000000 0.000000 1.000000
vn 0.000000 0.000000 1.000000
vn 0.000000 0.000000 1.000000
vn 0.000000 0.000000 1.000000
vn 0.000000 0.000000 1.000000
vn 0.000000 0.000000 1.000000
vn 0.000000 0.000000 1.000000
vn 0.000000 0.000000 1.000000
vn 0.000000 0.000000 1.000000
vn 0.000000 0.000000 1.000000
vn 0.000000 0.000000 1.000000
vn 0.000000 0.000000 1.000000
vn 0.000000 0.000000 1.000000
vn 0.000000 0.000000 1.000000
vn 0.000000 0.000000 1.000000
vn 0.000000 0.000000 1.000000
vn 0.000000 0.000000 1.000000
vn 0.000000 0.000000 1.000000
vn 0.000000 0.000000 1.000000
vn 0.000000 0.000000 1.000000
vn 0.000000 0.000000 1.000000
vn 0.000000 0.000000 1.000000
vn 0.000000 0.000000 1.000000
vn 0.000000 0.000000 1.000000
vn 0.000000 0.000000 1.000000
vn 0.000000 0.000000 1.000000
vn 0.000000 0.000000 1.000000
vn 0.000000 0.000000 1.000000
vn 0.000000 0.000000 1.000000
vn 0.000000 0.000000 1.000000
vn 0.000000 0.000000 1.000000
vn 0.000000 0.000000 1.000000
vn 0.000000 0.000000 1.000000
vn 0.000000 0.000000 1.000000
f 1305/1305/1305 1306/1306/1306 1312/1312/1312
f 1305/1305/1305 1312/1312/1312 1311/1311/1311
f 1306/1306/1306 1307/1307/1307 1313/1313/1313
f 1306/1306/1306 1313/1313/1313 1312/1312/1312
f 1307/1307/1307 1308/1308/1308 1314/1314/1314
f 1307/1307/1307 1314/1314/1314 1313/1313/1313
f 1308/1308/1308 1309/1309/1309 1315/1315/1315
f 1308/1308/1308 1315/1315/1315 1314/1314/1314
f 1309/1309/1309 1310/1310/1310 1316/1316/1316
f 1309/1309/1309 1316/1316/1316 1315/1315/1315
f 1311/1311/1311 1312/1312/1312 1318/1318/1318
f 1311/1311/1311 1318/1318/1318 1317/1317/1317
f 1312/1312/1312 1313/1313/1313 1319/1319/1319
f 1312/1312/1312 1319/1319/1319 1318/1318/1318
f 1313/1313/1313 1314/1314/1314 1320/1320/1320
f 1313/1313/1313 1320/1320/1320 1319/1319/1319
f 1314/1314/1314 1315/1315/1315 1321/1321/1321
f 1314/1314/1314 1321/1321/1321 1320/1320/1320
f 1315/1315/1315 1316/1316/1316 1322/1322/1322
f 1315/1315/1315 1322/1322/1322 1321/1321/1321
f 1317/1317/1317 1318/1318/1318 1324/1324/1324
f 1317/1317/1317 1324/1324/1324 1323/1323/1323
f 1318/1318/1318 1319/1319/1319 1325/1325/1325
f 1318/1318/1318 1325/1325/1325 1324/1324/1324
f 1319/1319/1319 1320/1320/1320 1326/1326/1326
f 1319/1319/1319 1326/1326/1326 1325/1325/1325
f 1320/1320/1320 1321/1321/1321 1327/1327/1327
f 1320/1320/1320 1327/1327/1327 1326/1326/1326
f 1321/1321/1321 1322/1322/1322 1328/1328/1328
f 1321/1321/1321 1328/1328/1328 1327/1327/1327
f 1323/1323/1323 1324/1324/1324 1330/1330/1330
f 1323/1323/1323 1330/1330/1330 1329/1329/1329
f 1324/1324/1324 1325/1325/1325 1331/1331/1331
f 1324/1324/1324 1331/1331/1331 1330/1330/1330
f 1325/1325/1325 1326/1326/1326 1332/1332/1332
f 1325/1325/1325 1332/1332/1332 1331/1331/1331
f 1326/1326/1326 1327/1327/1327 1333/1333/1333
f 1326/1326/1326 1333/1333/1333 1332/1332/1332
f 1327/1327/1327 1328/1328/1328 1334/1334/1334
f 1327/1327/1327 1334/1334/1334 1333/1333/1333
f 1329/1329/1329 1330/1330/1330 1336/1336/1336
f 1329/1329/1329 1336/1336/1336 1335/1335/1335
f 1330/1330/1330 1331/1331/1331 1337/1337/1337
f 1330/1330/1330 1337/1337/1337 1336/1336/1336
f 1331/1331/1331 1332/1332/1332 1338/1338/1338
f 1331/1331/1331 1338/1338/1338 1337/1337/1337
f 1332/1332/1332 1333/1333/1333 1339/1339/1339
f 1332/1332/1332 1339/1339/1339 1338/1338/1338
f 1333/1333/1333 1334/1334/1334 1340/1340/1340
f 1333/1333/1333 1340/1340/1340 1339/1339/1339
o Cloth_Skirt_L
usemtl Cloth_Cape
v -0.720000 2.290000 0.020000
v -0.600000 2.290000 0.003542
v -0.480000 2.290000 -0.006630
v -0.360000 2.290000 -0.006630
v -0.240000 2.290000 0.003542
v -0.120000 2.290000 0.020000
v -0.720000 2.062000 0.020000
v -0.600000 2.062000 -0.002571
v -0.480000 2.062000 -0.016521
v -0.360000 2.062000 -0.016521
v -0.240000 2.062000 -0.002571
v -0.120000 2.062000 0.020000
v -0.720000 1.834000 0.020000
v -0.600000 1.834000 -0.008684
v -0.480000 1.834000 -0.026412
v -0.360000 1.834000 -0.026412
v -0.240000 1.834000 -0.008684
v -0.120000 1.834000 0.020000
v -0.720000 1.606000 0.020000
v -0.600000 1.606000 -0.014797
v -0.480000 1.606000 -0.036303
v -0.360000 1.606000 -0.036303
v -0.240000 1.606000 -0.014797
v -0.120000 1.606000 0.020000
v -0.720000 1.378000 0.020000
v -0.600000 1.378000 -0.020910
v -0.480000 1.378000 -0.046194
v -0.360000 1.378000 -0.046194
v -0.240000 1.378000 -0.020910
v -0.120000 1.378000 0.020000
v -0.720000 1.150000 0.020000
v -0.600000 1.150000 -0.027023
v -0.480000 1.150000 -0.056085
v -0.360000 1.150000 -0.056085
v -0.240000 1.150000 -0.027023
v -0.120000 1.150000 0.020000
vt 0.000000 1.000000
vt 0.200000 1.000000
vt 0.400000 1.000000
vt 0.600000 1.000000
vt 0.800000 1.000000
vt 1.000000 1.000000
vt 0.000000 0.800000
vt 0.200000 0.800000
vt 0.400000 0.800000
vt 0.600000 0.800000
vt 0.800000 0.800000
vt 1.000000 0.800000
vt 0.000000 0.600000
vt 0.200000 0.600000
vt 0.400000 0.600000
vt 0.600000 0.600000
vt 0.800000 0.600000
vt 1.000000 0.600000
vt 0.000000 0.400000
vt 0.200000 0.400000
vt 0.400000 0.400000
vt 0.600000 0.400000
vt 0.800000 0.400000
vt 1.000000 0.400000
vt 0.000000 0.200000
vt 0.200000 0.200000
vt 0.400000 0.200000
vt 0.600000 0.200000
vt 0.800000 0.200000
vt 1.000000 0.200000
vt 0.000000 0.000000
vt 0.200000 0.000000
vt 0.400000 0.000000
vt 0.600000 0.000000
vt 0.800000 0.000000
vt 1.000000 0.000000
vn 0.000000 0.000000 1.000000
vn 0.000000 0.000000 1.000000
vn 0.000000 0.000000 1.000000
vn 0.000000 0.000000 1.000000
vn 0.000000 0.000000 1.000000
vn 0.000000 0.000000 1.000000
vn 0.000000 0.000000 1.000000
vn 0.000000 0.000000 1.000000
vn 0.000000 0.000000 1.000000
vn 0.000000 0.000000 1.000000
vn 0.000000 0.000000 1.000000
vn 0.000000 0.000000 1.000000
vn 0.000000 0.000000 1.000000
vn 0.000000 0.000000 1.000000
vn 0.000000 0.000000 1.000000
vn 0.000000 0.000000 1.000000
vn 0.000000 0.000000 1.000000
vn 0.000000 0.000000 1.000000
vn 0.000000 0.000000 1.000000
vn 0.000000 0.000000 1.000000
vn 0.000000 0.000000 1.000000
vn 0.000000 0.000000 1.000000
vn 0.000000 0.000000 1.000000
vn 0.000000 0.000000 1.000000
vn 0.000000 0.000000 1.000000
vn 0.000000 0.000000 1.000000
vn 0.000000 0.000000 1.000000
vn 0.000000 0.000000 1.000000
vn 0.000000 0.000000 1.000000
vn 0.000000 0.000000 1.000000
vn 0.000000 0.000000 1.000000
vn 0.000000 0.000000 1.000000
vn 0.000000 0.000000 1.000000
vn 0.000000 0.000000 1.000000
vn 0.000000 0.000000 1.000000
vn 0.000000 0.000000 1.000000
f 1341/1341/1341 1342/1342/1342 1348/1348/1348
f 1341/1341/1341 1348/1348/1348 1347/1347/1347
f 1342/1342/1342 1343/1343/1343 1349/1349/1349
f 1342/1342/1342 1349/1349/1349 1348/1348/1348
f 1343/1343/1343 1344/1344/1344 1350/1350/1350
f 1343/1343/1343 1350/1350/1350 1349/1349/1349
f 1344/1344/1344 1345/1345/1345 1351/1351/1351
f 1344/1344/1344 1351/1351/1351 1350/1350/1350
f 1345/1345/1345 1346/1346/1346 1352/1352/1352
f 1345/1345/1345 1352/1352/1352 1351/1351/1351
f 1347/1347/1347 1348/1348/1348 1354/1354/1354
f 1347/1347/1347 1354/1354/1354 1353/1353/1353
f 1348/1348/1348 1349/1349/1349 1355/1355/1355
f 1348/1348/1348 1355/1355/1355 1354/1354/1354
f 1349/1349/1349 1350/1350/1350 1356/1356/1356
f 1349/1349/1349 1356/1356/1356 1355/1355/1355
f 1350/1350/1350 1351/1351/1351 1357/1357/1357
f 1350/1350/1350 1357/1357/1357 1356/1356/1356
f 1351/1351/1351 1352/1352/1352 1358/1358/1358
f 1351/1351/1351 1358/1358/1358 1357/1357/1357
f 1353/1353/1353 1354/1354/1354 1360/1360/1360
f 1353/1353/1353 1360/1360/1360 1359/1359/1359
f 1354/1354/1354 1355/1355/1355 1361/1361/1361
f 1354/1354/1354 1361/1361/1361 1360/1360/1360
f 1355/1355/1355 1356/1356/1356 1362/1362/1362
f 1355/1355/1355 1362/1362/1362 1361/1361/1361
f 1356/1356/1356 1357/1357/1357 1363/1363/1363
f 1356/1356/1356 1363/1363/1363 1362/1362/1362
f 1357/1357/1357 1358/1358/1358 1364/1364/1364
f 1357/1357/1357 1364/1364/1364 1363/1363/1363
f 1359/1359/1359 1360/1360/1360 1366/1366/1366
f 1359/1359/1359 1366/1366/1366 1365/1365/1365
f 1360/1360/1360 1361/1361/1361 1367/1367/1367
f 1360/1360/1360 1367/1367/1367 1366/1366/1366
f 1361/1361/1361 1362/1362/1362 1368/1368/1368
f 1361/1361/1361 1368/1368/1368 1367/1367/1367
f 1362/1362/1362 1363/1363/1363 1369/1369/1369
f 1362/1362/1362 1369/1369/1369 1368/1368/1368
f 1363/1363/1363 1364/1364/1364 1370/1370/1370
f 1363/1363/1363 1370/1370/1370 1369/1369/1369
f 1365/1365/1365 1366/1366/1366 1372/1372/1372
f 1365/1365/1365 1372/1372/1372 1371/1371/1371
f 1366/1366/1366 1367/1367/1367 1373/1373/1373
f 1366/1366/1366 1373/1373/1373 1372/1372/1372
f 1367/1367/1367 1368/1368/1368 1374/1374/1374
f 1367/1367/1367 1374/1374/1374 1373/1373/1373
f 1368/1368/1368 1369/1369/1369 1375/1375/1375
f 1368/1368/1368 1375/1375/1375 1374/1374/1374
f 1369/1369/1369 1370/1370/1370 1376/1376/1376
f 1369/1369/1369 1376/1376/1376 1375/1375/1375
o Thigh_Armor_L
usemtl Armor_Metal
v -0.070000 1.110000 -0.280000
v -0.070000 1.870000 -0.280000
v -0.070000 1.870000 0.280000
v -0.070000 1.110000 0.280000
v -0.510000 1.110000 0.280000
v -0.510000 1.870000 0.280000
v -0.510000 1.870000 -0.280000
v -0.510000 1.110000 -0.280000
v -0.510000 1.870000 -0.280000
v -0.510000 1.870000 0.280000
v -0.070000 1.870000 0.280000
v -0.070000 1.870000 -0.280000
v -0.510000 1.110000 0.280000
v -0.510000 1.110000 -0.280000
v -0.070000 1.110000 -0.280000
v -0.070000 1.110000 0.280000
v -0.510000 1.110000 0.280000
v -0.070000 1.110000 0.280000
v -0.070000 1.870000 0.280000
v -0.510000 1.870000 0.280000
v -0.070000 1.110000 -0.280000
v -0.510000 1.110000 -0.280000
v -0.510000 1.870000 -0.280000
v -0.070000 1.870000 -0.280000
vt 0.000000 0.000000
vt 1.000000 0.000000
vt 1.000000 1.000000
vt 0.000000 1.000000
vt 0.000000 0.000000
vt 1.000000 0.000000
vt 1.000000 1.000000
vt 0.000000 1.000000
vt 0.000000 0.000000
vt 1.000000 0.000000
vt 1.000000 1.000000
vt 0.000000 1.000000
vt 0.000000 0.000000
vt 1.000000 0.000000
vt 1.000000 1.000000
vt 0.000000 1.000000
vt 0.000000 0.000000
vt 1.000000 0.000000
vt 1.000000 1.000000
vt 0.000000 1.000000
vt 0.000000 0.000000
vt 1.000000 0.000000
vt 1.000000 1.000000
vt 0.000000 1.000000
vn 1.000000 0.000000 0.000000
vn 1.000000 0.000000 0.000000
vn 1.000000 0.000000 0.000000
vn 1.000000 0.000000 0.000000
vn -1.000000 0.000000 0.000000
vn -1.000000 0.000000 0.000000
vn -1.000000 0.000000 0.000000
vn -1.000000 0.000000 0.000000
vn 0.000000 1.000000 0.000000
vn 0.000000 1.000000 0.000000
vn 0.000000 1.000000 0.000000
vn 0.000000 1.000000 0.000000
vn 0.000000 -1.000000 0.000000
vn 0.000000 -1.000000 0.000000
vn 0.000000 -1.000000 0.000000
vn 0.000000 -1.000000 0.000000
vn 0.000000 0.000000 1.000000
vn 0.000000 0.000000 1.000000
vn 0.000000 0.000000 1.000000
vn 0.000000 0.000000 1.000000
vn 0.000000 0.000000 -1.000000
vn 0.000000 0.000000 -1.000000
vn 0.000000 0.000000 -1.000000
vn 0.000000 0.000000 -1.000000
f 1377/1377/1377 1378/1378/1378 1379/1379/1379
f 1377/1377/1377 1379/1379/1379 1380/1380/1380
f 1381/1381/1381 1382/1382/1382 1383/1383/1383
f 1381/1381/1381 1383/1383/1383 1384/1384/1384
f 1385/1385/1385 1386/1386/1386 1387/1387/1387
f 1385/1385/1385 1387/1387/1387 1388/1388/1388
f 1389/1389/1389 1390/1390/1390 1391/1391/1391
f 1389/1389/1389 1391/1391/1391 1392/1392/1392
f 1393/1393/1393 1394/1394/1394 1395/1395/1395
f 1393/1393/1393 1395/1395/1395 1396/1396/1396
f 1397/1397/1397 1398/1398/1398 1399/1399/1399
f 1397/1397/1397 1399/1399/1399 1400/1400/1400
o Boot_L
usemtl Leather_Boots
v -0.045000 0.170000 -0.300000
v -0.045000 0.970000 -0.300000
v -0.045000 0.970000 0.360000
v -0.045000 0.170000 0.360000
v -0.535000 0.170000 0.360000
v -0.535000 0.970000 0.360000
v -0.535000 0.970000 -0.300000
v -0.535000 0.170000 -0.300000
v -0.535000 0.970000 -0.300000
v -0.535000 0.970000 0.360000
v -0.045000 0.970000 0.360000
v -0.045000 0.970000 -0.300000
v -0.535000 0.170000 0.360000
v -0.535000 0.170000 -0.300000
v -0.045000 0.170000 -0.300000
v -0.045000 0.170000 0.360000
v -0.535000 0.170000 0.360000
v -0.045000 0.170000 0.360000
v -0.045000 0.970000 0.360000
v -0.535000 0.970000 0.360000
v -0.045000 0.170000 -0.300000
v -0.535000 0.170000 -0.300000
v -0.535000 0.970000 -0.300000
v -0.045000 0.970000 -0.300000
v -0.020000 0.020000 -0.120000
v -0.020000 0.260000 -0.120000
v -0.020000 0.260000 0.760000
v -0.020000 0.020000 0.760000
v -0.560000 0.020000 0.760000
v -0.560000 0.260000 0.760000
v -0.560000 0.260000 -0.120000
v -0.560000 0.020000 -0.120000
v -0.560000 0.260000 -0.120000
v -0.560000 0.260000 0.760000
v -0.020000 0.260000 0.760000
v -0.020000 0.260000 -0.120000
v -0.560000 0.020000 0.760000
v -0.560000 0.020000 -0.120000
v -0.020000 0.020000 -0.120000
v -0.020000 0.020000 0.760000
v -0.560000 0.020000 0.760000
v -0.020000 0.020000 0.760000
v -0.020000 0.260000 0.760000
v -0.560000 0.260000 0.760000
v -0.020000 0.020000 -0.120000
v -0.560000 0.020000 -0.120000
v -0.560000 0.260000 -0.120000
v -0.020000 0.260000 -0.120000
vt 0.000000 0.000000
vt 1.000000 0.000000
vt 1.000000 1.000000
vt 0.000000 1.000000
vt 0.000000 0.000000
vt 1.000000 0.000000
vt 1.000000 1.000000
vt 0.000000 1.000000
vt 0.000000 0.000000
vt 1.000000 0.000000
vt 1.000000 1.000000
vt 0.000000 1.000000
vt 0.000000 0.000000
vt 1.000000 0.000000
vt 1.000000 1.000000
vt 0.000000 1.000000
vt 0.000000 0.000000
vt 1.000000 0.000000
vt 1.000000 1.000000
vt 0.000000 1.000000
vt 0.000000 0.000000
vt 1.000000 0.000000
vt 1.000000 1.000000
vt 0.000000 1.000000
vt 0.000000 0.000000
vt 1.000000 0.000000
vt 1.000000 1.000000
vt 0.000000 1.000000
vt 0.000000 0.000000
vt 1.000000 0.000000
vt 1.000000 1.000000
vt 0.000000 1.000000
vt 0.000000 0.000000
vt 1.000000 0.000000
vt 1.000000 1.000000
vt 0.000000 1.000000
vt 0.000000 0.000000
vt 1.000000 0.000000
vt 1.000000 1.000000
vt 0.000000 1.000000
vt 0.000000 0.000000
vt 1.000000 0.000000
vt 1.000000 1.000000
vt 0.000000 1.000000
vt 0.000000 0.000000
vt 1.000000 0.000000
vt 1.000000 1.000000
vt 0.000000 1.000000
vn 1.000000 0.000000 0.000000
vn 1.000000 0.000000 0.000000
vn 1.000000 0.000000 0.000000
vn 1.000000 0.000000 0.000000
vn -1.000000 0.000000 0.000000
vn -1.000000 0.000000 0.000000
vn -1.000000 0.000000 0.000000
vn -1.000000 0.000000 0.000000
vn 0.000000 1.000000 0.000000
vn 0.000000 1.000000 0.000000
vn 0.000000 1.000000 0.000000
vn 0.000000 1.000000 0.000000
vn 0.000000 -1.000000 0.000000
vn 0.000000 -1.000000 0.000000
vn 0.000000 -1.000000 0.000000
vn 0.000000 -1.000000 0.000000
vn 0.000000 0.000000 1.000000
vn 0.000000 0.000000 1.000000
vn 0.000000 0.000000 1.000000
vn 0.000000 0.000000 1.000000
vn 0.000000 0.000000 -1.000000
vn 0.000000 0.000000 -1.000000
vn 0.000000 0.000000 -1.000000
vn 0.000000 0.000000 -1.000000
vn 1.000000 0.000000 0.000000
vn 1.000000 0.000000 0.000000
vn 1.000000 0.000000 0.000000
vn 1.000000 0.000000 0.000000
vn -1.000000 0.000000 0.000000
vn -1.000000 0.000000 0.000000
vn -1.000000 0.000000 0.000000
vn -1.000000 0.000000 0.000000
vn 0.000000 1.000000 0.000000
vn 0.000000 1.000000 0.000000
vn 0.000000 1.000000 0.000000
vn 0.000000 1.000000 0.000000
vn 0.000000 -1.000000 0.000000
vn 0.000000 -1.000000 0.000000
vn 0.000000 -1.000000 0.000000
vn 0.000000 -1.000000 0.000000
vn 0.000000 0.000000 1.000000
vn 0.000000 0.000000 1.000000
vn 0.000000 0.000000 1.000000
vn 0.000000 0.000000 1.000000
vn 0.000000 0.000000 -1.000000
vn 0.000000 0.000000 -1.000000
vn 0.000000 0.000000 -1.000000
vn 0.000000 0.000000 -1.000000
f 1401/1401/1401 1402/1402/1402 1403/1403/1403
f 1401/1401/1401 1403/1403/1403 1404/1404/1404
f 1405/1405/1405 1406/1406/1406 1407/1407/1407
f 1405/1405/1405 1407/1407/1407 1408/1408/1408
f 1409/1409/1409 1410/1410/1410 1411/1411/1411
f 1409/1409/1409 1411/1411/1411 1412/1412/1412
f 1413/1413/1413 1414/1414/1414 1415/1415/1415
f 1413/1413/1413 1415/1415/1415 1416/1416/1416
f 1417/1417/1417 1418/1418/1418 1419/1419/1419
f 1417/1417/1417 1419/1419/1419 1420/1420/1420
f 1421/1421/1421 1422/1422/1422 1423/1423/1423
f 1421/1421/1421 1423/1423/1423 1424/1424/1424
f 1425/1425/1425 1426/1426/1426 1427/1427/1427
f 1425/1425/1425 1427/1427/1427 1428/1428/1428
f 1429/1429/1429 1430/1430/1430 1431/1431/1431
f 1429/1429/1429 1431/1431/1431 1432/1432/1432
f 1433/1433/1433 1434/1434/1434 1435/1435/1435
f 1433/1433/1433 1435/1435/1435 1436/1436/1436
f 1437/1437/1437 1438/1438/1438 1439/1439/1439
f 1437/1437/1437 1439/1439/1439 1440/1440/1440
f 1441/1441/1441 1442/1442/1442 1443/1443/1443
f 1441/1441/1441 1443/1443/1443 1444/1444/1444
f 1445/1445/1445 1446/1446/1446 1447/1447/1447
f 1445/1445/1445 1447/1447/1447 1448/1448/1448
o Cloth_Skirt_R
usemtl Cloth_Cape
v 0.120000 2.290000 0.020000
v 0.240000 2.290000 0.003542
v 0.360000 2.290000 -0.006630
v 0.480000 2.290000 -0.006630
v 0.600000 2.290000 0.003542
v 0.720000 2.290000 0.020000
v 0.120000 2.062000 0.020000
v 0.240000 2.062000 -0.002571
v 0.360000 2.062000 -0.016521
v 0.480000 2.062000 -0.016521
v 0.600000 2.062000 -0.002571
v 0.720000 2.062000 0.020000
v 0.120000 1.834000 0.020000
v 0.240000 1.834000 -0.008684
v 0.360000 1.834000 -0.026412
v 0.480000 1.834000 -0.026412
v 0.600000 1.834000 -0.008684
v 0.720000 1.834000 0.020000
v 0.120000 1.606000 0.020000
v 0.240000 1.606000 -0.014797
v 0.360000 1.606000 -0.036303
v 0.480000 1.606000 -0.036303
v 0.600000 1.606000 -0.014797
v 0.720000 1.606000 0.020000
v 0.120000 1.378000 0.020000
v 0.240000 1.378000 -0.020910
v 0.360000 1.378000 -0.046194
v 0.480000 1.378000 -0.046194
v 0.600000 1.378000 -0.020910
v 0.720000 1.378000 0.020000
v 0.120000 1.150000 0.020000
v 0.240000 1.150000 -0.027023
v 0.360000 1.150000 -0.056085
v 0.480000 1.150000 -0.056085
v 0.600000 1.150000 -0.027023
v 0.720000 1.150000 0.020000
vt 0.000000 1.000000
vt 0.200000 1.000000
vt 0.400000 1.000000
vt 0.600000 1.000000
vt 0.800000 1.000000
vt 1.000000 1.000000
vt 0.000000 0.800000
vt 0.200000 0.800000
vt 0.400000 0.800000
vt 0.600000 0.800000
vt 0.800000 0.800000
vt 1.000000 0.800000
vt 0.000000 0.600000
vt 0.200000 0.600000
vt 0.400000 0.600000
vt 0.600000 0.600000
vt 0.800000 0.600000
vt 1.000000 0.600000
vt 0.000000 0.400000
vt 0.200000 0.400000
vt 0.400000 0.400000
vt 0.600000 0.400000
vt 0.800000 0.400000
vt 1.000000 0.400000
vt 0.000000 0.200000
vt 0.200000 0.200000
vt 0.400000 0.200000
vt 0.600000 0.200000
vt 0.800000 0.200000
vt 1.000000 0.200000
vt 0.000000 0.000000
vt 0.200000 0.000000
vt 0.400000 0.000000
vt 0.600000 0.000000
vt 0.800000 0.000000
vt 1.000000 0.000000
vn 0.000000 0.000000 1.000000
vn 0.000000 0.000000 1.000000
vn 0.000000 0.000000 1.000000
vn 0.000000 0.000000 1.000000
vn 0.000000 0.000000 1.000000
vn 0.000000 0.000000 1.000000
vn 0.000000 0.000000 1.000000
vn 0.000000 0.000000 1.000000
vn 0.000000 0.000000 1.000000
vn 0.000000 0.000000 1.000000
vn 0.000000 0.000000 1.000000
vn 0.000000 0.000000 1.000000
vn 0.000000 0.000000 1.000000
vn 0.000000 0.000000 1.000000
vn 0.000000 0.000000 1.000000
vn 0.000000 0.000000 1.000000
vn 0.000000 0.000000 1.000000
vn 0.000000 0.000000 1.000000
vn 0.000000 0.000000 1.000000
vn 0.000000 0.000000 1.000000
vn 0.000000 0.000000 1.000000
vn 0.000000 0.000000 1.000000
vn 0.000000 0.000000 1.000000
vn 0.000000 0.000000 1.000000
vn 0.000000 0.000000 1.000000
vn 0.000000 0.000000 1.000000
vn 0.000000 0.000000 1.000000
vn 0.000000 0.000000 1.000000
vn 0.000000 0.000000 1.000000
vn 0.000000 0.000000 1.000000
vn 0.000000 0.000000 1.000000
vn 0.000000 0.000000 1.000000
vn 0.000000 0.000000 1.000000
vn 0.000000 0.000000 1.000000
vn 0.000000 0.000000 1.000000
vn 0.000000 0.000000 1.000000
f 1449/1449/1449 1450/1450/1450 1456/1456/1456
f 1449/1449/1449 1456/1456/1456 1455/1455/1455
f 1450/1450/1450 1451/1451/1451 1457/1457/1457
f 1450/1450/1450 1457/1457/1457 1456/1456/1456
f 1451/1451/1451 1452/1452/1452 1458/1458/1458
f 1451/1451/1451 1458/1458/1458 1457/1457/1457
f 1452/1452/1452 1453/1453/1453 1459/1459/1459
f 1452/1452/1452 1459/1459/1459 1458/1458/1458
f 1453/1453/1453 1454/1454/1454 1460/1460/1460
f 1453/1453/1453 1460/1460/1460 1459/1459/1459
f 1455/1455/1455 1456/1456/1456 1462/1462/1462
f 1455/1455/1455 1462/1462/1462 1461/1461/1461
f 1456/1456/1456 1457/1457/1457 1463/1463/1463
f 1456/1456/1456 1463/1463/1463 1462/1462/1462
f 1457/1457/1457 1458/1458/1458 1464/1464/1464
f 1457/1457/1457 1464/1464/1464 1463/1463/1463
f 1458/1458/1458 1459/1459/1459 1465/1465/1465
f 1458/1458/1458 1465/1465/1465 1464/1464/1464
f 1459/1459/1459 1460/1460/1460 1466/1466/1466
f 1459/1459/1459 1466/1466/1466 1465/1465/1465
f 1461/1461/1461 1462/1462/1462 1468/1468/1468
f 1461/1461/1461 1468/1468/1468 1467/1467/1467
f 1462/1462/1462 1463/1463/1463 1469/1469/1469
f 1462/1462/1462 1469/1469/1469 1468/1468/1468
f 1463/1463/1463 1464/1464/1464 1470/1470/1470
f 1463/1463/1463 1470/1470/1470 1469/1469/1469
f 1464/1464/1464 1465/1465/1465 1471/1471/1471
f 1464/1464/1464 1471/1471/1471 1470/1470/1470
f 1465/1465/1465 1466/1466/1466 1472/1472/1472
f 1465/1465/1465 1472/1472/1472 1471/1471/1471
f 1467/1467/1467 1468/1468/1468 1474/1474/1474
f 1467/1467/1467 1474/1474/1474 1473/1473/1473
f 1468/1468/1468 1469/1469/1469 1475/1475/1475
f 1468/1468/1468 1475/1475/1475 1474/1474/1474
f 1469/1469/1469 1470/1470/1470 1476/1476/1476
f 1469/1469/1469 1476/1476/1476 1475/1475/1475
f 1470/1470/1470 1471/1471/1471 1477/1477/1477
f 1470/1470/1470 1477/1477/1477 1476/1476/1476
f 1471/1471/1471 1472/1472/1472 1478/1478/1478
f 1471/1471/1471 1478/1478/1478 1477/1477/1477
f 1473/1473/1473 1474/1474/1474 1480/1480/1480
f 1473/1473/1473 1480/1480/1480 1479/1479/1479
f 1474/1474/1474 1475/1475/1475 1481/1481/1481
f 1474/1474/1474 1481/1481/1481 1480/1480/1480
f 1475/1475/1475 1476/1476/1476 1482/1482/1482
f 1475/1475/1475 1482/1482/1482 1481/1481/1481
f 1476/1476/1476 1477/1477/1477 1483/1483/1483
f 1476/1476/1476 1483/1483/1483 1482/1482/1482
f 1477/1477/1477 1478/1478/1478 1484/1484/1484
f 1477/1477/1477 1484/1484/1484 1483/1483/1483
o Thigh_Armor_R
usemtl Armor_Metal
v 0.510000 1.110000 -0.280000
v 0.510000 1.870000 -0.280000
v 0.510000 1.870000 0.280000
v 0.510000 1.110000 0.280000
v 0.070000 1.110000 0.280000
v 0.070000 1.870000 0.280000
v 0.070000 1.870000 -0.280000
v 0.070000 1.110000 -0.280000
v 0.070000 1.870000 -0.280000
v 0.070000 1.870000 0.280000
v 0.510000 1.870000 0.280000
v 0.510000 1.870000 -0.280000
v 0.070000 1.110000 0.280000
v 0.070000 1.110000 -0.280000
v 0.510000 1.110000 -0.280000
v 0.510000 1.110000 0.280000
v 0.070000 1.110000 0.280000
v 0.510000 1.110000 0.280000
v 0.510000 1.870000 0.280000
v 0.070000 1.870000 0.280000
v 0.510000 1.110000 -0.280000
v 0.070000 1.110000 -0.280000
v 0.070000 1.870000 -0.280000
v 0.510000 1.870000 -0.280000
vt 0.000000 0.000000
vt 1.000000 0.000000
vt 1.000000 1.000000
vt 0.000000 1.000000
vt 0.000000 0.000000
vt 1.000000 0.000000
vt 1.000000 1.000000
vt 0.000000 1.000000
vt 0.000000 0.000000
vt 1.000000 0.000000
vt 1.000000 1.000000
vt 0.000000 1.000000
vt 0.000000 0.000000
vt 1.000000 0.000000
vt 1.000000 1.000000
vt 0.000000 1.000000
vt 0.000000 0.000000
vt 1.000000 0.000000
vt 1.000000 1.000000
vt 0.000000 1.000000
vt 0.000000 0.000000
vt 1.000000 0.000000
vt 1.000000 1.000000
vt 0.000000 1.000000
vn 1.000000 0.000000 0.000000
vn 1.000000 0.000000 0.000000
vn 1.000000 0.000000 0.000000
vn 1.000000 0.000000 0.000000
vn -1.000000 0.000000 0.000000
vn -1.000000 0.000000 0.000000
vn -1.000000 0.000000 0.000000
vn -1.000000 0.000000 0.000000
vn 0.000000 1.000000 0.000000
vn 0.000000 1.000000 0.000000
vn 0.000000 1.000000 0.000000
vn 0.000000 1.000000 0.000000
vn 0.000000 -1.000000 0.000000
vn 0.000000 -1.000000 0.000000
vn 0.000000 -1.000000 0.000000
vn 0.000000 -1.000000 0.000000
vn 0.000000 0.000000 1.000000
vn 0.000000 0.000000 1.000000
vn 0.000000 0.000000 1.000000
vn 0.000000 0.000000 1.000000
vn 0.000000 0.000000 -1.000000
vn 0.000000 0.000000 -1.000000
vn 0.000000 0.000000 -1.000000
vn 0.000000 0.000000 -1.000000
f 1485/1485/1485 1486/1486/1486 1487/1487/1487
f 1485/1485/1485 1487/1487/1487 1488/1488/1488
f 1489/1489/1489 1490/1490/1490 1491/1491/1491
f 1489/1489/1489 1491/1491/1491 1492/1492/1492
f 1493/1493/1493 1494/1494/1494 1495/1495/1495
f 1493/1493/1493 1495/1495/1495 1496/1496/1496
f 1497/1497/1497 1498/1498/1498 1499/1499/1499
f 1497/1497/1497 1499/1499/1499 1500/1500/1500
f 1501/1501/1501 1502/1502/1502 1503/1503/1503
f 1501/1501/1501 1503/1503/1503 1504/1504/1504
f 1505/1505/1505 1506/1506/1506 1507/1507/1507
f 1505/1505/1505 1507/1507/1507 1508/1508/1508
o Boot_R
usemtl Leather_Boots
v 0.535000 0.170000 -0.300000
v 0.535000 0.970000 -0.300000
v 0.535000 0.970000 0.360000
v 0.535000 0.170000 0.360000
v 0.045000 0.170000 0.360000
v 0.045000 0.970000 0.360000
v 0.045000 0.970000 -0.300000
v 0.045000 0.170000 -0.300000
v 0.045000 0.970000 -0.300000
v 0.045000 0.970000 0.360000
v 0.535000 0.970000 0.360000
v 0.535000 0.970000 -0.300000
v 0.045000 0.170000 0.360000
v 0.045000 0.170000 -0.300000
v 0.535000 0.170000 -0.300000
v 0.535000 0.170000 0.360000
v 0.045000 0.170000 0.360000
v 0.535000 0.170000 0.360000
v 0.535000 0.970000 0.360000
v 0.045000 0.970000 0.360000
v 0.535000 0.170000 -0.300000
v 0.045000 0.170000 -0.300000
v 0.045000 0.970000 -0.300000
v 0.535000 0.970000 -0.300000
v 0.560000 0.020000 -0.120000
v 0.560000 0.260000 -0.120000
v 0.560000 0.260000 0.760000
v 0.560000 0.020000 0.760000
v 0.020000 0.020000 0.760000
v 0.020000 0.260000 0.760000
v 0.020000 0.260000 -0.120000
v 0.020000 0.020000 -0.120000
v 0.020000 0.260000 -0.120000
v 0.020000 0.260000 0.760000
v 0.560000 0.260000 0.760000
v 0.560000 0.260000 -0.120000
v 0.020000 0.020000 0.760000
v 0.020000 0.020000 -0.120000
v 0.560000 0.020000 -0.120000
v 0.560000 0.020000 0.760000
v 0.020000 0.020000 0.760000
v 0.560000 0.020000 0.760000
v 0.560000 0.260000 0.760000
v 0.020000 0.260000 0.760000
v 0.560000 0.020000 -0.120000
v 0.020000 0.020000 -0.120000
v 0.020000 0.260000 -0.120000
v 0.560000 0.260000 -0.120000
vt 0.000000 0.000000
vt 1.000000 0.000000
vt 1.000000 1.000000
vt 0.000000 1.000000
vt 0.000000 0.000000
vt 1.000000 0.000000
vt 1.000000 1.000000
vt 0.000000 1.000000
vt 0.000000 0.000000
vt 1.000000 0.000000
vt 1.000000 1.000000
vt 0.000000 1.000000
vt 0.000000 0.000000
vt 1.000000 0.000000
vt 1.000000 1.000000
vt 0.000000 1.000000
vt 0.000000 0.000000
vt 1.000000 0.000000
vt 1.000000 1.000000
vt 0.000000 1.000000
vt 0.000000 0.000000
vt 1.000000 0.000000
vt 1.000000 1.000000
vt 0.000000 1.000000
vt 0.000000 0.000000
vt 1.000000 0.000000
vt 1.000000 1.000000
vt 0.000000 1.000000
vt 0.000000 0.000000
vt 1.000000 0.000000
vt 1.000000 1.000000
vt 0.000000 1.000000
vt 0.000000 0.000000
vt 1.000000 0.000000
vt 1.000000 1.000000
vt 0.000000 1.000000
vt 0.000000 0.000000
vt 1.000000 0.000000
vt 1.000000 1.000000
vt 0.000000 1.000000
vt 0.000000 0.000000
vt 1.000000 0.000000
vt 1.000000 1.000000
vt 0.000000 1.000000
vt 0.000000 0.000000
vt 1.000000 0.000000
vt 1.000000 1.000000
vt 0.000000 1.000000
vn 1.000000 0.000000 0.000000
vn 1.000000 0.000000 0.000000
vn 1.000000 0.000000 0.000000
vn 1.000000 0.000000 0.000000
vn -1.000000 0.000000 0.000000
vn -1.000000 0.000000 0.000000
vn -1.000000 0.000000 0.000000
vn -1.000000 0.000000 0.000000
vn 0.000000 1.000000 0.000000
vn 0.000000 1.000000 0.000000
vn 0.000000 1.000000 0.000000
vn 0.000000 1.000000 0.000000
vn 0.000000 -1.000000 0.000000
vn 0.000000 -1.000000 0.000000
vn 0.000000 -1.000000 0.000000
vn 0.000000 -1.000000 0.000000
vn 0.000000 0.000000 1.000000
vn 0.000000 0.000000 1.000000
vn 0.000000 0.000000 1.000000
vn 0.000000 0.000000 1.000000
vn 0.000000 0.000000 -1.000000
vn 0.000000 0.000000 -1.000000
vn 0.000000 0.000000 -1.000000
vn 0.000000 0.000000 -1.000000
vn 1.000000 0.000000 0.000000
vn 1.000000 0.000000 0.000000
vn 1.000000 0.000000 0.000000
vn 1.000000 0.000000 0.000000
vn -1.000000 0.000000 0.000000
vn -1.000000 0.000000 0.000000
vn -1.000000 0.000000 0.000000
vn -1.000000 0.000000 0.000000
vn 0.000000 1.000000 0.000000
vn 0.000000 1.000000 0.000000
vn 0.000000 1.000000 0.000000
vn 0.000000 1.000000 0.000000
vn 0.000000 -1.000000 0.000000
vn 0.000000 -1.000000 0.000000
vn 0.000000 -1.000000 0.000000
vn 0.000000 -1.000000 0.000000
vn 0.000000 0.000000 1.000000
vn 0.000000 0.000000 1.000000
vn 0.000000 0.000000 1.000000
vn 0.000000 0.000000 1.000000
vn 0.000000 0.000000 -1.000000
vn 0.000000 0.000000 -1.000000
vn 0.000000 0.000000 -1.000000
vn 0.000000 0.000000 -1.000000
f 1509/1509/1509 1510/1510/1510 1511/1511/1511
f 1509/1509/1509 1511/1511/1511 1512/1512/1512
f 1513/1513/1513 1514/1514/1514 1515/1515/1515
f 1513/1513/1513 1515/1515/1515 1516/1516/1516
f 1517/1517/1517 1518/1518/1518 1519/1519/1519
f 1517/1517/1517 1519/1519/1519 1520/1520/1520
f 1521/1521/1521 1522/1522/1522 1523/1523/1523
f 1521/1521/1521 1523/1523/1523 1524/1524/1524
f 1525/1525/1525 1526/1526/1526 1527/1527/1527
f 1525/1525/1525 1527/1527/1527 1528/1528/1528
f 1529/1529/1529 1530/1530/1530 1531/1531/1531
f 1529/1529/1529 1531/1531/1531 1532/1532/1532
f 1533/1533/1533 1534/1534/1534 1535/1535/1535
f 1533/1533/1533 1535/1535/1535 1536/1536/1536
f 1537/1537/1537 1538/1538/1538 1539/1539/1539
f 1537/1537/1537 1539/1539/1539 1540/1540/1540
f 1541/1541/1541 1542/1542/1542 1543/1543/1543
f 1541/1541/1541 1543/1543/1543 1544/1544/1544
f 1545/1545/1545 1546/1546/1546 1547/1547/1547
f 1545/1545/1545 1547/1547/1547 1548/1548/1548
f 1549/1549/1549 1550/1550/1550 1551/1551/1551
f 1549/1549/1549 1551/1551/1551 1552/1552/1552
f 1553/1553/1553 1554/1554/1554 1555/1555/1555
f 1553/1553/1553 1555/1555/1555 1556/1556/1556
o Cape_Center
usemtl Cloth_Cape
v -0.460000 3.900000 -0.460000
v -0.276000 3.900000 -0.484687
v -0.092000 3.900000 -0.499944
v 0.092000 3.900000 -0.499944
v 0.276000 3.900000 -0.484687
v 0.460000 3.900000 -0.460000
v -0.460000 3.328000 -0.460000
v -0.276000 3.328000 -0.493856
v -0.092000 3.328000 -0.514781
v 0.092000 3.328000 -0.514781
v 0.276000 3.328000 -0.493856
v 0.460000 3.328000 -0.460000
v -0.460000 2.756000 -0.460000
v -0.276000 2.756000 -0.503026
v -0.092000 2.756000 -0.529617
v 0.092000 2.756000 -0.529617
v 0.276000 2.756000 -0.503026
v 0.460000 2.756000 -0.460000
v -0.460000 2.184000 -0.460000
v -0.276000 2.184000 -0.512195
v -0.092000 2.184000 -0.544454
v 0.092000 2.184000 -0.544454
v 0.276000 2.184000 -0.512195
v 0.460000 2.184000 -0.460000
v -0.460000 1.612000 -0.460000
v -0.276000 1.612000 -0.521365
v -0.092000 1.612000 -0.559290
v 0.092000 1.612000 -0.559290
v 0.276000 1.612000 -0.521365
v 0.460000 1.612000 -0.460000
v -0.460000 1.040000 -0.460000
v -0.276000 1.040000 -0.530534
v -0.092000 1.040000 -0.574127
v 0.092000 1.040000 -0.574127
v 0.276000 1.040000 -0.530534
v 0.460000 1.040000 -0.460000
vt 0.000000 1.000000
vt 0.200000 1.000000
vt 0.400000 1.000000
vt 0.600000 1.000000
vt 0.800000 1.000000
vt 1.000000 1.000000
vt 0.000000 0.800000
vt 0.200000 0.800000
vt 0.400000 0.800000
vt 0.600000 0.800000
vt 0.800000 0.800000
vt 1.000000 0.800000
vt 0.000000 0.600000
vt 0.200000 0.600000
vt 0.400000 0.600000
vt 0.600000 0.600000
vt 0.800000 0.600000
vt 1.000000 0.600000
vt 0.000000 0.400000
vt 0.200000 0.400000
vt 0.400000 0.400000
vt 0.600000 0.400000
vt 0.800000 0.400000
vt 1.000000 0.400000
vt 0.000000 0.200000
vt 0.200000 0.200000
vt 0.400000 0.200000
vt 0.600000 0.200000
vt 0.800000 0.200000
vt 1.000000 0.200000
vt 0.000000 0.000000
vt 0.200000 0.000000
vt 0.400000 0.000000
vt 0.600000 0.000000
vt 0.800000 0.000000
vt 1.000000 0.000000
vn 0.000000 0.000000 1.000000
vn 0.000000 0.000000 1.000000
vn 0.000000 0.000000 1.000000
vn 0.000000 0.000000 1.000000
vn 0.000000 0.000000 1.000000
vn 0.000000 0.000000 1.000000
vn 0.000000 0.000000 1.000000
vn 0.000000 0.000000 1.000000
vn 0.000000 0.000000 1.000000
vn 0.000000 0.000000 1.000000
vn 0.000000 0.000000 1.000000
vn 0.000000 0.000000 1.000000
vn 0.000000 0.000000 1.000000
vn 0.000000 0.000000 1.000000
vn 0.000000 0.000000 1.000000
vn 0.000000 0.000000 1.000000
vn 0.000000 0.000000 1.000000
vn 0.000000 0.000000 1.000000
vn 0.000000 0.000000 1.000000
vn 0.000000 0.000000 1.000000
vn 0.000000 0.000000 1.000000
vn 0.000000 0.000000 1.000000
vn 0.000000 0.000000 1.000000
vn 0.000000 0.000000 1.000000
vn 0.000000 0.000000 1.000000
vn 0.000000 0.000000 1.000000
vn 0.000000 0.000000 1.000000
vn 0.000000 0.000000 1.000000
vn 0.000000 0.000000 1.000000
vn 0.000000 0.000000 1.000000
vn 0.000000 0.000000 1.000000
vn 0.000000 0.000000 1.000000
vn 0.000000 0.000000 1.000000
vn 0.000000 0.000000 1.000000
vn 0.000000 0.000000 1.000000
vn 0.000000 0.000000 1.000000
f 1557/1557/1557 1558/1558/1558 1564/1564/1564
f 1557/1557/1557 1564/1564/1564 1563/1563/1563
f 1558/1558/1558 1559/1559/1559 1565/1565/1565
f 1558/1558/1558 1565/1565/1565 1564/1564/1564
f 1559/1559/1559 1560/1560/1560 1566/1566/1566
f 1559/1559/1559 1566/1566/1566 1565/1565/1565
f 1560/1560/1560 1561/1561/1561 1567/1567/1567
f 1560/1560/1560 1567/1567/1567 1566/1566/1566
f 1561/1561/1561 1562/1562/1562 1568/1568/1568
f 1561/1561/1561 1568/1568/1568 1567/1567/1567
f 1563/1563/1563 1564/1564/1564 1570/1570/1570
f 1563/1563/1563 1570/1570/1570 1569/1569/1569
f 1564/1564/1564 1565/1565/1565 1571/1571/1571
f 1564/1564/1564 1571/1571/1571 1570/1570/1570
f 1565/1565/1565 1566/1566/1566 1572/1572/1572
f 1565/1565/1565 1572/1572/1572 1571/1571/1571
f 1566/1566/1566 1567/1567/1567 1573/1573/1573
f 1566/1566/1566 1573/1573/1573 1572/1572/1572
f 1567/1567/1567 1568/1568/1568 1574/1574/1574
f 1567/1567/1567 1574/1574/1574 1573/1573/1573
f 1569/1569/1569 1570/1570/1570 1576/1576/1576
f 1569/1569/1569 1576/1576/1576 1575/1575/1575
f 1570/1570/1570 1571/1571/1571 1577/1577/1577
f 1570/1570/1570 1577/1577/1577 1576/1576/1576
f 1571/1571/1571 1572/1572/1572 1578/1578/1578
f 1571/1571/1571 1578/1578/1578 1577/1577/1577
f 1572/1572/1572 1573/1573/1573 1579/1579/1579
f 1572/1572/1572 1579/1579/1579 1578/1578/1578
f 1573/1573/1573 1574/1574/1574 1580/1580/1580
f 1573/1573/1573 1580/1580/1580 1579/1579/1579
f 1575/1575/1575 1576/1576/1576 1582/1582/1582
f 1575/1575/1575 1582/1582/1582 1581/1581/1581
f 1576/1576/1576 1577/1577/1577 1583/1583/1583
f 1576/1576/1576 1583/1583/1583 1582/1582/1582
f 1577/1577/1577 1578/1578/1578 1584/1584/1584
f 1577/1577/1577 1584/1584/1584 1583/1583/1583
f 1578/1578/1578 1579/1579/1579 1585/1585/1585
f 1578/1578/1578 1585/1585/1585 1584/1584/1584
f 1579/1579/1579 1580/1580/1580 1586/1586/1586
f 1579/1579/1579 1586/1586/1586 1585/1585/1585
f 1581/1581/1581 1582/1582/1582 1588/1588/1588
f 1581/1581/1581 1588/1588/1588 1587/1587/1587
f 1582/1582/1582 1583/1583/1583 1589/1589/1589
f 1582/1582/1582 1589/1589/1589 1588/1588/1588
f 1583/1583/1583 1584/1584/1584 1590/1590/1590
f 1583/1583/1583 1590/1590/1590 1589/1589/1589
f 1584/1584/1584 1585/1585/1585 1591/1591/1591
f 1584/1584/1584 1591/1591/1591 1590/1590/1590
f 1585/1585/1585 1586/1586/1586 1592/1592/1592
f 1585/1585/1585 1592/1592/1592 1591/1591/1591
o Cape_L
usemtl Cloth_Cape
v -0.950000 3.700000 -0.400000
v -0.810000 3.700000 -0.432916
v -0.670000 3.700000 -0.453259
v -0.530000 3.700000 -0.453259
v -0.390000 3.700000 -0.432916
v -0.250000 3.700000 -0.400000
v -0.950000 3.232000 -0.400000
v -0.810000 3.232000 -0.445142
v -0.670000 3.232000 -0.473041
v -0.530000 3.232000 -0.473041
v -0.390000 3.232000 -0.445142
v -0.250000 3.232000 -0.400000
v -0.950000 2.764000 -0.400000
v -0.810000 2.764000 -0.457368
v -0.670000 2.764000 -0.492823
v -0.530000 2.764000 -0.492823
v -0.390000 2.764000 -0.457368
v -0.250000 2.764000 -0.400000
v -0.950000 2.296000 -0.400000
v -0.810000 2.296000 -0.469594
v -0.670000 2.296000 -0.512605
v -0.530000 2.296000 -0.512605
v -0.390000 2.296000 -0.469594
v -0.250000 2.296000 -0.400000
v -0.950000 1.828000 -0.400000
v -0.810000 1.828000 -0.481820
v -0.670000 1.828000 -0.532387
v -0.530000 1.828000 -0.532387
v -0.390000 1.828000 -0.481820
v -0.250000 1.828000 -0.400000
v -0.950000 1.360000 -0.400000
v -0.810000 1.360000 -0.494046
v -0.670000 1.360000 -0.552169
v -0.530000 1.360000 -0.552169
v -0.390000 1.360000 -0.494046
v -0.250000 1.360000 -0.400000
vt 0.000000 1.000000
vt 0.200000 1.000000
vt 0.400000 1.000000
vt 0.600000 1.000000
vt 0.800000 1.000000
vt 1.000000 1.000000
vt 0.000000 0.800000
vt 0.200000 0.800000
vt 0.400000 0.800000
vt 0.600000 0.800000
vt 0.800000 0.800000
vt 1.000000 0.800000
vt 0.000000 0.600000
vt 0.200000 0.600000
vt 0.400000 0.600000
vt 0.600000 0.600000
vt 0.800000 0.600000
vt 1.000000 0.600000
vt 0.000000 0.400000
vt 0.200000 0.400000
vt 0.400000 0.400000
vt 0.600000 0.400000
vt 0.800000 0.400000
vt 1.000000 0.400000
vt 0.000000 0.200000
vt 0.200000 0.200000
vt 0.400000 0.200000
vt 0.600000 0.200000
vt 0.800000 0.200000
vt 1.000000 0.200000
vt 0.000000 0.000000
vt 0.200000 0.000000
vt 0.400000 0.000000
vt 0.600000 0.000000
vt 0.800000 0.000000
vt 1.000000 0.000000
vn 0.000000 0.000000 1.000000
vn 0.000000 0.000000 1.000000
vn 0.000000 0.000000 1.000000
vn 0.000000 0.000000 1.000000
vn 0.000000 0.000000 1.000000
vn 0.000000 0.000000 1.000000
vn 0.000000 0.000000 1.000000
vn 0.000000 0.000000 1.000000
vn 0.000000 0.000000 1.000000
vn 0.000000 0.000000 1.000000
vn 0.000000 0.000000 1.000000
vn 0.000000 0.000000 1.000000
vn 0.000000 0.000000 1.000000
vn 0.000000 0.000000 1.000000
vn 0.000000 0.000000 1.000000
vn 0.000000 0.000000 1.000000
vn 0.000000 0.000000 1.000000
vn 0.000000 0.000000 1.000000
vn 0.000000 0.000000 1.000000
vn 0.000000 0.000000 1.000000
vn 0.000000 0.000000 1.000000
vn 0.000000 0.000000 1.000000
vn 0.000000 0.000000 1.000000
vn 0.000000 0.000000 1.000000
vn 0.000000 0.000000 1.000000
vn 0.000000 0.000000 1.000000
vn 0.000000 0.000000 1.000000
vn 0.000000 0.000000 1.000000
vn 0.000000 0.000000 1.000000
vn 0.000000 0.000000 1.000000
vn 0.000000 0.000000 1.000000
vn 0.000000 0.000000 1.000000
vn 0.000000 0.000000 1.000000
vn 0.000000 0.000000 1.000000
vn 0.000000 0.000000 1.000000
vn 0.000000 0.000000 1.000000
f 1593/1593/1593 1594/1594/1594 1600/1600/1600
f 1593/1593/1593 1600/1600/1600 1599/1599/1599
f 1594/1594/1594 1595/1595/1595 1601/1601/1601
f 1594/1594/1594 1601/1601/1601 1600/1600/1600
f 1595/1595/1595 1596/1596/1596 1602/1602/1602
f 1595/1595/1595 1602/1602/1602 1601/1601/1601
f 1596/1596/1596 1597/1597/1597 1603/1603/1603
f 1596/1596/1596 1603/1603/1603 1602/1602/1602
f 1597/1597/1597 1598/1598/1598 1604/1604/1604
f 1597/1597/1597 1604/1604/1604 1603/1603/1603
f 1599/1599/1599 1600/1600/1600 1606/1606/1606
f 1599/1599/1599 1606/1606/1606 1605/1605/1605
f 1600/1600/1600 1601/1601/1601 1607/1607/1607
f 1600/1600/1600 1607/1607/1607 1606/1606/1606
f 1601/1601/1601 1602/1602/1602 1608/1608/1608
f 1601/1601/1601 1608/1608/1608 1607/1607/1607
f 1602/1602/1602 1603/1603/1603 1609/1609/1609
f 1602/1602/1602 1609/1609/1609 1608/1608/1608
f 1603/1603/1603 1604/1604/1604 1610/1610/1610
f 1603/1603/1603 1610/1610/1610 1609/1609/1609
f 1605/1605/1605 1606/1606/1606 1612/1612/1612
f 1605/1605/1605 1612/1612/1612 1611/1611/1611
f 1606/1606/1606 1607/1607/1607 1613/1613/1613
f 1606/1606/1606 1613/1613/1613 1612/1612/1612
f 1607/1607/1607 1608/1608/1608 1614/1614/1614
f 1607/1607/1607 1614/1614/1614 1613/1613/1613
f 1608/1608/1608 1609/1609/1609 1615/1615/1615
f 1608/1608/1608 1615/1615/1615 1614/1614/1614
f 1609/1609/1609 1610/1610/1610 1616/1616/1616
f 1609/1609/1609 1616/1616/1616 1615/1615/1615
f 1611/1611/1611 1612/1612/1612 1618/1618/1618
f 1611/1611/1611 1618/1618/1618 1617/1617/1617
f 1612/1612/1612 1613/1613/1613 1619/1619/1619
f 1612/1612/1612 1619/1619/1619 1618/1618/1618
f 1613/1613/1613 1614/1614/1614 1620/1620/1620
f 1613/1613/1613 1620/1620/1620 1619/1619/1619
f 1614/1614/1614 1615/1615/1615 1621/1621/1621
f 1614/1614/1614 1621/1621/1621 1620/1620/1620
f 1615/1615/1615 1616/1616/1616 1622/1622/1622
f 1615/1615/1615 1622/1622/1622 1621/1621/1621
f 1617/1617/1617 1618/1618/1618 1624/1624/1624
f 1617/1617/1617 1624/1624/1624 1623/1623/1623
f 1618/1618/1618 1619/1619/1619 1625/1625/1625
f 1618/1618/1618 1625/1625/1625 1624/1624/1624
f 1619/1619/1619 1620/1620/1620 1626/1626/1626
f 1619/1619/1619 1626/1626/1626 1625/1625/1625
f 1620/1620/1620 1621/1621/1621 1627/1627/1627
f 1620/1620/1620 1627/1627/1627 1626/1626/1626
f 1621/1621/1621 1622/1622/1622 1628/1628/1628
f 1621/1621/1621 1628/1628/1628 1627/1627/1627
o Cape_R
usemtl Cloth_Cape
v 0.250000 3.700000 -0.400000
v 0.390000 3.700000 -0.432916
v 0.530000 3.700000 -0.453259
v 0.670000 3.700000 -0.453259
v 0.810000 3.700000 -0.432916
v 0.950000 3.700000 -0.400000
v 0.250000 3.232000 -0.400000
v 0.390000 3.232000 -0.445142
v 0.530000 3.232000 -0.473041
v 0.670000 3.232000 -0.473041
v 0.810000 3.232000 -0.445142
v 0.950000 3.232000 -0.400000
v 0.250000 2.764000 -0.400000
v 0.390000 2.764000 -0.457368
v 0.530000 2.764000 -0.492823
v 0.670000 2.764000 -0.492823
v 0.810000 2.764000 -0.457368
v 0.950000 2.764000 -0.400000
v 0.250000 2.296000 -0.400000
v 0.390000 2.296000 -0.469594
v 0.530000 2.296000 -0.512605
v 0.670000 2.296000 -0.512605
v 0.810000 2.296000 -0.469594
v 0.950000 2.296000 -0.400000
v 0.250000 1.828000 -0.400000
v 0.390000 1.828000 -0.481820
v 0.530000 1.828000 -0.532387
v 0.670000 1.828000 -0.532387
v 0.810000 1.828000 -0.481820
v 0.950000 1.828000 -0.400000
v 0.250000 1.360000 -0.400000
v 0.390000 1.360000 -0.494046
v 0.530000 1.360000 -0.552169
v 0.670000 1.360000 -0.552169
v 0.810000 1.360000 -0.494046
v 0.950000 1.360000 -0.400000
vt 0.000000 1.000000
vt 0.200000 1.000000
vt 0.400000 1.000000
vt 0.600000 1.000000
vt 0.800000 1.000000
vt 1.000000 1.000000
vt 0.000000 0.800000
vt 0.200000 0.800000
vt 0.400000 0.800000
vt 0.600000 0.800000
vt 0.800000 0.800000
vt 1.000000 0.800000
vt 0.000000 0.600000
vt 0.200000 0.600000
vt 0.400000 0.600000
vt 0.600000 0.600000
vt 0.800000 0.600000
vt 1.000000 0.600000
vt 0.000000 0.400000
vt 0.200000 0.400000
vt 0.400000 0.400000
vt 0.600000 0.400000
vt 0.800000 0.400000
vt 1.000000 0.400000
vt 0.000000 0.200000
vt 0.200000 0.200000
vt 0.400000 0.200000
vt 0.600000 0.200000
vt 0.800000 0.200000
vt 1.000000 0.200000
vt 0.000000 0.000000
vt 0.200000 0.000000
vt 0.400000 0.000000
vt 0.600000 0.000000
vt 0.800000 0.000000
vt 1.000000 0.000000
vn 0.000000 0.000000 1.000000
vn 0.000000 0.000000 1.000000
vn 0.000000 0.000000 1.000000
vn 0.000000 0.000000 1.000000
vn 0.000000 0.000000 1.000000
vn 0.000000 0.000000 1.000000
vn 0.000000 0.000000 1.000000
vn 0.000000 0.000000 1.000000
vn 0.000000 0.000000 1.000000
vn 0.000000 0.000000 1.000000
vn 0.000000 0.000000 1.000000
vn 0.000000 0.000000 1.000000
vn 0.000000 0.000000 1.000000
vn 0.000000 0.000000 1.000000
vn 0.000000 0.000000 1.000000
vn 0.000000 0.000000 1.000000
vn 0.000000 0.000000 1.000000
vn 0.000000 0.000000 1.000000
vn 0.000000 0.000000 1.000000
vn 0.000000 0.000000 1.000000
vn 0.000000 0.000000 1.000000
vn 0.000000 0.000000 1.000000
vn 0.000000 0.000000 1.000000
vn 0.000000 0.000000 1.000000
vn 0.000000 0.000000 1.000000
vn 0.000000 0.000000 1.000000
vn 0.000000 0.000000 1.000000
vn 0.000000 0.000000 1.000000
vn 0.000000 0.000000 1.000000
vn 0.000000 0.000000 1.000000
vn 0.000000 0.000000 1.000000
vn 0.000000 0.000000 1.000000
vn 0.000000 0.000000 1.000000
vn 0.000000 0.000000 1.000000
vn 0.000000 0.000000 1.000000
vn 0.000000 0.000000 1.000000
f 1629/1629/1629 1630/1630/1630 1636/1636/1636
f 1629/1629/1629 1636/1636/1636 1635/1635/1635
f 1630/1630/1630 1631/1631/1631 1637/1637/1637
f 1630/1630/1630 1637/1637/1637 1636/1636/1636
f 1631/1631/1631 1632/1632/1632 1638/1638/1638
f 1631/1631/1631 1638/1638/1638 1637/1637/1637
f 1632/1632/1632 1633/1633/1633 1639/1639/1639
f 1632/1632/1632 1639/1639/1639 1638/1638/1638
f 1633/1633/1633 1634/1634/1634 1640/1640/1640
f 1633/1633/1633 1640/1640/1640 1639/1639/1639
f 1635/1635/1635 1636/1636/1636 1642/1642/1642
f 1635/1635/1635 1642/1642/1642 1641/1641/1641
f 1636/1636/1636 1637/1637/1637 1643/1643/1643
f 1636/1636/1636 1643/1643/1643 1642/1642/1642
f 1637/1637/1637 1638/1638/1638 1644/1644/1644
f 1637/1637/1637 1644/1644/1644 1643/1643/1643
f 1638/1638/1638 1639/1639/1639 1645/1645/1645
f 1638/1638/1638 1645/1645/1645 1644/1644/1644
f 1639/1639/1639 1640/1640/1640 1646/1646/1646
f 1639/1639/1639 1646/1646/1646 1645/1645/1645
f 1641/1641/1641 1642/1642/1642 1648/1648/1648
f 1641/1641/1641 1648/1648/1648 1647/1647/1647
f 1642/1642/1642 1643/1643/1643 1649/1649/1649
f 1642/1642/1642 1649/1649/1649 1648/1648/1648
f 1643/1643/1643 1644/1644/1644 1650/1650/1650
f 1643/1643/1643 1650/1650/1650 1649/1649/1649
f 1644/1644/1644 1645/1645/1645 1651/1651/1651
f 1644/1644/1644 1651/1651/1651 1650/1650/1650
f 1645/1645/1645 1646/1646/1646 1652/1652/1652
f 1645/1645/1645 1652/1652/1652 1651/1651/1651
f 1647/1647/1647 1648/1648/1648 1654/1654/1654
f 1647/1647/1647 1654/1654/1654 1653/1653/1653
f 1648/1648/1648 1649/1649/1649 1655/1655/1655
f 1648/1648/1648 1655/1655/1655 1654/1654/1654
f 1649/1649/1649 1650/1650/1650 1656/1656/1656
f 1649/1649/1649 1656/1656/1656 1655/1655/1655
f 1650/1650/1650 1651/1651/1651 1657/1657/1657
f 1650/1650/1650 1657/1657/1657 1656/1656/1656
f 1651/1651/1651 1652/1652/1652 1658/1658/1658
f 1651/1651/1651 1658/1658/1658 1657/1657/1657
f 1653/1653/1653 1654/1654/1654 1660/1660/1660
f 1653/1653/1653 1660/1660/1660 1659/1659/1659
f 1654/1654/1654 1655/1655/1655 1661/1661/1661
f 1654/1654/1654 1661/1661/1661 1660/1660/1660
f 1655/1655/1655 1656/1656/1656 1662/1662/1662
f 1655/1655/1655 1662/1662/1662 1661/1661/1661
f 1656/1656/1656 1657/1657/1657 1663/1663/1663
f 1656/1656/1656 1663/1663/1663 1662/1662/1662
f 1657/1657/1657 1658/1658/1658 1664/1664/1664
f 1657/1657/1657 1664/1664/1664 1663/1663/1663
o Sword_Blade
usemtl Armor_Metal
v 1.066356 2.475350 0.234998
v 1.373353 2.565643 0.234998
v 1.757424 1.082599 0.234398
v 1.546364 1.020523 0.234398
v 1.373353 2.565643 0.234998
v 1.373644 2.564650 0.125002
v 1.757636 1.081877 0.154402
v 1.757424 1.082599 0.234398
v 1.373644 2.564650 0.125002
v 1.066647 2.474357 0.125002
v 1.546576 1.019801 0.154402
v 1.757636 1.081877 0.154402
v 1.066647 2.474357 0.125002
v 1.066356 2.475350 0.234998
v 1.546364 1.020523 0.234398
v 1.546576 1.019801 0.154402
v 1.546364 1.020523 0.234398
v 1.757424 1.082599 0.234398
v 1.837247 0.485151 0.208000
v 1.802710 0.474993 0.208000
v 1.757424 1.082599 0.234398
v 1.757636 1.081877 0.154402
v 1.837290 0.485007 0.192000
v 1.837247 0.485151 0.208000
v 1.757636 1.081877 0.154402
v 1.546576 1.019801 0.154402
v 1.802753 0.474849 0.192000
v 1.837290 0.485007 0.192000
v 1.546576 1.019801 0.154402
v 1.546364 1.020523 0.234398
v 1.802710 0.474993 0.208000
v 1.802753 0.474849 0.192000
v 1.066647 2.474357 0.125002
v 1.373644 2.564650 0.125002
v 1.373353 2.565643 0.234998
v 1.066356 2.475350 0.234998
v 1.802710 0.474993 0.208000
v 1.837247 0.485151 0.208000
v 1.837290 0.485007 0.192000
v 1.802753 0.474849 0.192000
vt 0.000000 0.000000
vt 1.000000 0.000000
vt 1.000000 1.000000
vt 0.000000 1.000000
vt 0.000000 0.000000
vt 1.000000 0.000000
vt 1.000000 1.000000
vt 0.000000 1.000000
vt 0.000000 0.000000
vt 1.000000 0.000000
vt 1.000000 1.000000
vt 0.000000 1.000000
vt 0.000000 0.000000
vt 1.000000 0.000000
vt 1.000000 1.000000
vt 0.000000 1.000000
vt 0.000000 0.000000
vt 1.000000 0.000000
vt 1.000000 1.000000
vt 0.000000 1.000000
vt 0.000000 0.000000
vt 1.000000 0.000000
vt 1.000000 1.000000
vt 0.000000 1.000000
vt 0.000000 0.000000
vt 1.000000 0.000000
vt 1.000000 1.000000
vt 0.000000 1.000000
vt 0.000000 0.000000
vt 1.000000 0.000000
vt 1.000000 1.000000
vt 0.000000 1.000000
vt 0.000000 0.000000
vt 1.000000 0.000000
vt 1.000000 1.000000
vt 0.000000 1.000000
vt 0.000000 0.000000
vt 1.000000 0.000000
vt 1.000000 1.000000
vt 0.000000 1.000000
vn -0.000110 0.000376 -1.000000
vn -0.000110 0.000376 -1.000000
vn -0.000110 0.000376 -1.000000
vn -0.000110 0.000376 -1.000000
vn -0.968064 -0.250704 -0.000307
vn -0.968064 -0.250704 -0.000307
vn -0.968064 -0.250704 -0.000307
vn -0.968064 -0.250704 -0.000307
vn -0.005418 0.018421 0.999816
vn -0.005418 0.018421 0.999816
vn -0.005418 0.018421 0.999816
vn -0.005418 0.018421 0.999816
vn 0.949645 0.313328 -0.000307
vn 0.949645 0.313328 -0.000307
vn 0.949645 0.313328 -0.000307
vn 0.949645 0.313328 -0.000307
vn -0.012492 0.042473 -0.999020
vn -0.012492 0.042473 -0.999020
vn -0.012492 0.042473 -0.999020
vn -0.012492 0.042473 -0.999020
vn -0.991200 -0.132368 -0.001436
vn -0.991200 -0.132368 -0.001436
vn -0.991200 -0.132368 -0.001436
vn -0.991200 -0.132368 -0.001436
vn -0.017792 0.060493 0.998010
vn -0.017792 0.060493 0.998010
vn -0.017792 0.060493 0.998010
vn -0.017792 0.060493 0.998010
vn 0.905029 0.425347 -0.001436
vn 0.905029 0.425347 -0.001436
vn 0.905029 0.425347 -0.001436
vn 0.905029 0.425347 -0.001436
vn 0.000000 -1.000000 0.000000
vn 0.000000 -1.000000 0.000000
vn 0.000000 -1.000000 0.000000
vn 0.000000 -1.000000 0.000000
vn 0.282154 -0.959323 0.009405
vn 0.282154 -0.959323 0.009405
vn 0.282154 -0.959323 0.009405
vn 0.282154 -0.959323 0.009405
f 1665/1665/1665 1666/1666/1666 1667/1667/1667
f 1665/1665/1665 1667/1667/1667 1668/1668/1668
f 1669/1669/1669 1670/1670/1670 1671/1671/1671
f 1669/1669/1669 1671/1671/1671 1672/1672/1672
f 1673/1673/1673 1674/1674/1674 1675/1675/1675
f 1673/1673/1673 1675/1675/1675 1676/1676/1676
f 1677/1677/1677 1678/1678/1678 1679/1679/1679
f 1677/1677/1677 1679/1679/1679 1680/1680/1680
f 1681/1681/1681 1682/1682/1682 1683/1683/1683
f 1681/1681/1681 1683/1683/1683 1684/1684/1684
f 1685/1685/1685 1686/1686/1686 1687/1687/1687
f 1685/1685/1685 1687/1687/1687 1688/1688/1688
f 1689/1689/1689 1690/1690/1690 1691/1691/1691
f 1689/1689/1689 1691/1691/1691 1692/1692/1692
f 1693/1693/1693 1694/1694/1694 1695/1695/1695
f 1693/1693/1693 1695/1695/1695 1696/1696/1696
f 1697/1697/1697 1698/1698/1698 1699/1699/1699
f 1697/1697/1697 1699/1699/1699 1700/1700/1700
f 1701/1701/1701 1702/1702/1702 1703/1703/1703
f 1701/1701/1701 1703/1703/1703 1704/1704/1704
o Sword_Hilt
usemtl Leather_Belts
v 1.193192 2.345346 0.181505
v 1.202932 2.347843 0.144006
v 0.943350 3.230420 0.135354
v 0.933611 3.227923 0.172852
v 1.202932 2.347843 0.144006
v 1.229341 2.355341 0.116556
v 0.969759 3.237918 0.107903
v 0.943350 3.230420 0.135354
v 1.229341 2.355341 0.116556
v 1.265344 2.365832 0.106508
v 1.005762 3.248409 0.097855
v 0.969759 3.237918 0.107903
v 1.265344 2.365832 0.106508
v 1.301293 2.376503 0.116556
v 1.041712 3.259081 0.107903
v 1.005762 3.248409 0.097855
v 1.301293 2.376503 0.116556
v 1.327557 2.384497 0.144006
v 1.067975 3.267074 0.135354
v 1.041712 3.259081 0.107903
v 1.327557 2.384497 0.144006
v 1.337097 2.387671 0.181505
v 1.077515 3.270248 0.172852
v 1.067975 3.267074 0.135354
v 1.337097 2.387671 0.181505
v 1.327358 2.385174 0.219003
v 1.067776 3.267751 0.210350
v 1.077515 3.270248 0.172852
v 1.327358 2.385174 0.219003
v 1.300948 2.377676 0.246454
v 1.041367 3.260253 0.237801
v 1.067776 3.267751 0.210350
v 1.300948 2.377676 0.246454
v 1.264946 2.367185 0.256502
v 1.005364 3.249762 0.247849
v 1.041367 3.260253 0.237801
v 1.264946 2.367185 0.256502
v 1.228996 2.356513 0.246454
v 0.969415 3.239090 0.237801
v 1.005364 3.249762 0.247849
v 1.228996 2.356513 0.246454
v 1.202732 2.348519 0.219003
v 0.943151 3.231097 0.210350
v 0.969415 3.239090 0.237801
v 1.202732 2.348519 0.219003
v 1.193192 2.345346 0.181505
v 0.933611 3.227923 0.172852
v 0.943151 3.231097 0.210350
v 1.194606 2.651339 0.179154
v 1.226426 2.638159 0.179154
v 1.226426 2.638159 1.139154
v 1.194606 2.651339 1.139154
v 1.226426 2.638159 0.179154
v 1.239606 2.606339 0.179154
v 1.239606 2.606339 1.139154
v 1.226426 2.638159 1.139154
v 1.239606 2.606339 0.179154
v 1.226426 2.574519 0.179154
v 1.226426 2.574519 1.139154
v 1.239606 2.606339 1.139154
v 1.226426 2.574519 0.179154
v 1.194606 2.561339 0.179154
v 1.194606 2.561339 1.139154
v 1.226426 2.574519 1.139154
v 1.194606 2.561339 0.179154
v 1.162786 2.574519 0.179154
v 1.162786 2.574519 1.139154
v 1.194606 2.561339 1.139154
v 1.162786 2.574519 0.179154
v 1.149606 2.606339 0.179154
v 1.149606 2.606339 1.139154
v 1.162786 2.574519 1.139154
v 1.149606 2.606339 0.179154
v 1.162786 2.638159 0.179154
v 1.162786 2.638159 1.139154
v 1.149606 2.606339 1.139154
v 1.162786 2.638159 0.179154
v 1.194606 2.651339 0.179154
v 1.194606 2.651339 1.139154
v 1.162786 2.638159 1.139154
vt 0.000000 0.000000
vt 0.083333 0.000000
vt 0.083333 1.000000
vt 0.000000 1.000000
vt 0.083333 0.000000
vt 0.166667 0.000000
vt 0.166667 1.000000
vt 0.083333 1.000000
vt 0.166667 0.000000
vt 0.250000 0.000000
vt 0.250000 1.000000
vt 0.166667 1.000000
vt 0.250000 0.000000
vt 0.333333 0.000000
vt 0.333333 1.000000
vt 0.250000 1.000000
vt 0.333333 0.000000
vt 0.416667 0.000000
vt 0.416667 1.000000
vt 0.333333 1.000000
vt 0.416667 0.000000
vt 0.500000 0.000000
vt 0.500000 1.000000
vt 0.416667 1.000000
vt 0.500000 0.000000
vt 0.583333 0.000000
vt 0.583333 1.000000
vt 0.500000 1.000000
vt 0.583333 0.000000
vt 0.666667 0.000000
vt 0.666667 1.000000
vt 0.583333 1.000000
vt 0.666667 0.000000
vt 0.750000 0.000000
vt 0.750000 1.000000
vt 0.666667 1.000000
vt 0.750000 0.000000
vt 0.833333 0.000000
vt 0.833333 1.000000
vt 0.750000 1.000000
vt 0.833333 0.000000
vt 0.916667 0.000000
vt 0.916667 1.000000
vt 0.833333 1.000000
vt 0.916667 0.000000
vt 1.000000 0.000000
vt 1.000000 1.000000
vt 0.916667 1.000000
vt 0.000000 0.000000
vt 0.125000 0.000000
vt 0.125000 1.000000
vt 0.000000 1.000000
vt 0.125000 0.000000
vt 0.250000 0.000000
vt 0.250000 1.000000
vt 0.125000 1.000000
vt 0.250000 0.000000
vt 0.375000 0.000000
vt 0.375000 1.000000
vt 0.250000 1.000000
vt 0.375000 0.000000
vt 0.500000 0.000000
vt 0.500000 1.000000
vt 0.375000 1.000000
vt 0.500000 0.000000
vt 0.625000 0.000000
vt 0.625000 1.000000
vt 0.500000 1.000000
vt 0.625000 0.000000
vt 0.750000 0.000000
vt 0.750000 1.000000
vt 0.625000 1.000000
vt 0.750000 0.000000
vt 0.875000 0.000000
vt 0.875000 1.000000
vt 0.750000 1.000000
vt 0.875000 0.000000
vt 1.000000 0.000000
vt 1.000000 1.000000
vt 0.875000 1.000000
vn -0.959366 -0.282166 0.000000
vn -0.829508 -0.248875 -0.499978
vn -0.829508 -0.248875 -0.499978
vn -0.959366 -0.282166 0.000000
vn -0.829508 -0.248875 -0.499978
vn -0.477384 -0.148897 -0.865987
vn -0.477384 -0.148897 -0.865987
vn -0.829508 -0.248875 -0.499978
vn -0.477384 -0.148897 -0.865987
vn 0.002654 -0.009023 -0.999956
vn 0.002654 -0.009023 -0.999956
vn -0.477384 -0.148897 -0.865987
vn 0.002654 -0.009023 -0.999956
vn 0.481981 0.133269 -0.865987
vn 0.481981 0.133269 -0.865987
vn 0.002654 -0.009023 -0.999956
vn 0.481981 0.133269 -0.865987
vn 0.832162 0.239852 -0.499978
vn 0.832162 0.239852 -0.499978
vn 0.481981 0.133269 -0.865987
vn 0.832162 0.239852 -0.499978
vn 0.959366 0.282166 -0.000000
vn 0.959366 0.282166 -0.000000
vn 0.832162 0.239852 -0.499978
vn 0.959366 0.282166 -0.000000
vn 0.829508 0.248875 0.499978
vn 0.829508 0.248875 0.499978
vn 0.959366 0.282166 -0.000000
vn 0.829508 0.248875 0.499978
vn 0.477384 0.148897 0.865987
vn 0.477384 0.148897 0.865987
vn 0.829508 0.248875 0.499978
vn 0.477384 0.148897 0.865987
vn -0.002654 0.009023 0.999956
vn -0.002654 0.009023 0.999956
vn 0.477384 0.148897 0.865987
vn -0.002654 0.009023 0.999956
vn -0.481981 -0.133269 0.865987
vn -0.481981 -0.133269 0.865987
vn -0.002654 0.009023 0.999956
vn -0.481981 -0.133269 0.865987
vn -0.832162 -0.239852 0.499978
vn -0.832162 -0.239852 0.499978
vn -0.481981 -0.133269 0.865987
vn -0.832162 -0.239852 0.499978
vn -0.959366 -0.282166 0.000000
vn -0.959366 -0.282166 0.000000
vn -0.832162 -0.239852 0.499978
vn 0.000000 1.000000 0.000000
vn 0.707107 0.707107 0.000000
vn 0.707107 0.707107 0.000000
vn 0.000000 1.000000 0.000000
vn 0.707107 0.707107 0.000000
vn 1.000000 0.000000 0.000000
vn 1.000000 0.000000 0.000000
vn 0.707107 0.707107 0.000000
vn 1.000000 0.000000 0.000000
vn 0.707107 -0.707107 0.000000
vn 0.707107 -0.707107 0.000000
vn 1.000000 0.000000 0.000000
vn 0.707107 -0.707107 0.000000
vn 0.000000 -1.000000 0.000000
vn 0.000000 -1.000000 0.000000
vn 0.707107 -0.707107 0.000000
vn 0.000000 -1.000000 0.000000
vn -0.707107 -0.707107 -0.000000
vn -0.707107 -0.707107 -0.000000
vn 0.000000 -1.000000 0.000000
vn -0.707107 -0.707107 -0.000000
vn -1.000000 -0.000000 -0.000000
vn -1.000000 -0.000000 -0.000000
vn -0.707107 -0.707107 -0.000000
vn -1.000000 -0.000000 -0.000000
vn -0.707107 0.707107 0.000000
vn -0.707107 0.707107 0.000000
vn -1.000000 -0.000000 -0.000000
vn -0.707107 0.707107 0.000000
vn -0.000000 1.000000 0.000000
vn -0.000000 1.000000 0.000000
vn -0.707107 0.707107 0.000000
f 1705/1705/1705 1706/1706/1706 1707/1707/1707
f 1705/1705/1705 1707/1707/1707 1708/1708/1708
f 1709/1709/1709 1710/1710/1710 1711/1711/1711
f 1709/1709/1709 1711/1711/1711 1712/1712/1712
f 1713/1713/1713 1714/1714/1714 1715/1715/1715
f 1713/1713/1713 1715/1715/1715 1716/1716/1716
f 1717/1717/1717 1718/1718/1718 1719/1719/1719
f 1717/1717/1717 1719/1719/1719 1720/1720/1720
f 1721/1721/1721 1722/1722/1722 1723/1723/1723
f 1721/1721/1721 1723/1723/1723 1724/1724/1724
f 1725/1725/1725 1726/1726/1726 1727/1727/1727
f 1725/1725/1725 1727/1727/1727 1728/1728/1728
f 1729/1729/1729 1730/1730/1730 1731/1731/1731
f 1729/1729/1729 1731/1731/1731 1732/1732/1732
f 1733/1733/1733 1734/1734/1734 1735/1735/1735
f 1733/1733/1733 1735/1735/1735 1736/1736/1736
f 1737/1737/1737 1738/1738/1738 1739/1739/1739
f 1737/1737/1737 1739/1739/1739 1740/1740/1740
f 1741/1741/1741 1742/1742/1742 1743/1743/1743
f 1741/1741/1741 1743/1743/1743 1744/1744/1744
f 1745/1745/1745 1746/1746/1746 1747/1747/1747
f 1745/1745/1745 1747/1747/1747 1748/1748/1748
f 1749/1749/1749 1750/1750/1750 1751/1751/1751
f 1749/1749/1749 1751/1751/1751 1752/1752/1752
f 1753/1753/1753 1754/1754/1754 1755/1755/1755
f 1753/1753/1753 1755/1755/1755 1756/1756/1756
f 1757/1757/1757 1758/1758/1758 1759/1759/1759
f 1757/1757/1757 1759/1759/1759 1760/1760/1760
f 1761/1761/1761 1762/1762/1762 1763/1763/1763
f 1761/1761/1761 1763/1763/1763 1764/1764/1764
f 1765/1765/1765 1766/1766/1766 1767/1767/1767
f 1765/1765/1765 1767/1767/1767 1768/1768/1768
f 1769/1769/1769 1770/1770/1770 1771/1771/1771
f 1769/1769/1769 1771/1771/1771 1772/1772/1772
f 1773/1773/1773 1774/1774/1774 1775/1775/1775
f 1773/1773/1773 1775/1775/1775 1776/1776/1776
f 1777/1777/1777 1778/1778/1778 1779/1779/1779
f 1777/1777/1777 1779/1779/1779 1780/1780/1780
f 1781/1781/1781 1782/1782/1782 1783/1783/1783
f 1781/1781/1781 1783/1783/1783 1784/1784/1784
o Energy_Rune
usemtl Energy_Rune
v 1.542500 0.940000 0.232500
v 1.542500 2.100000 0.232500
v 1.542500 2.100000 0.257500
v 1.542500 0.940000 0.257500
v 1.497500 0.940000 0.257500
v 1.497500 2.100000 0.257500
v 1.497500 2.100000 0.232500
v 1.497500 0.940000 0.232500
v 1.497500 2.100000 0.232500
v 1.497500 2.100000 0.257500
v 1.542500 2.100000 0.257500
v 1.542500 2.100000 0.232500
v 1.497500 0.940000 0.257500
v 1.497500 0.940000 0.232500
v 1.542500 0.940000 0.232500
v 1.542500 0.940000 0.257500
v 1.497500 0.940000 0.257500
v 1.542500 0.940000 0.257500
v 1.542500 2.100000 0.257500
v 1.497500 2.100000 0.257500
v 1.542500 0.940000 0.232500
v 1.497500 0.940000 0.232500
v 1.497500 2.100000 0.232500
v 1.542500 2.100000 0.232500
vt 0.000000 0.000000
vt 1.000000 0.000000
vt 1.000000 1.000000
vt 0.000000 1.000000
vt 0.000000 0.000000
vt 1.000000 0.000000
vt 1.000000 1.000000
vt 0.000000 1.000000
vt 0.000000 0.000000
vt 1.000000 0.000000
vt 1.000000 1.000000
vt 0.000000 1.000000
vt 0.000000 0.000000
vt 1.000000 0.000000
vt 1.000000 1.000000
vt 0.000000 1.000000
vt 0.000000 0.000000
vt 1.000000 0.000000
vt 1.000000 1.000000
vt 0.000000 1.000000
vt 0.000000 0.000000
vt 1.000000 0.000000
vt 1.000000 1.000000
vt 0.000000 1.000000
vn 1.000000 0.000000 0.000000
vn 1.000000 0.000000 0.000000
vn 1.000000 0.000000 0.000000
vn 1.000000 0.000000 0.000000
vn -1.000000 0.000000 0.000000
vn -1.000000 0.000000 0.000000
vn -1.000000 0.000000 0.000000
vn -1.000000 0.000000 0.000000
vn 0.000000 1.000000 0.000000
vn 0.000000 1.000000 0.000000
vn 0.000000 1.000000 0.000000
vn 0.000000 1.000000 0.000000
vn 0.000000 -1.000000 0.000000
vn 0.000000 -1.000000 0.000000
vn 0.000000 -1.000000 0.000000
vn 0.000000 -1.000000 0.000000
vn 0.000000 0.000000 1.000000
vn 0.000000 0.000000 1.000000
vn 0.000000 0.000000 1.000000
vn 0.000000 0.000000 1.000000
vn 0.000000 0.000000 -1.000000
vn 0.000000 0.000000 -1.000000
vn 0.000000 0.000000 -1.000000
vn 0.000000 0.000000 -1.000000
f 1785/1785/1785 1786/1786/1786 1787/1787/1787
f 1785/1785/1785 1787/1787/1787 1788/1788/1788
f 1789/1789/1789 1790/1790/1790 1791/1791/1791
f 1789/1789/1789 1791/1791/1791 1792/1792/1792
f 1793/1793/1793 1794/1794/1794 1795/1795/1795
f 1793/1793/1793 1795/1795/1795 1796/1796/1796
f 1797/1797/1797 1798/1798/1798 1799/1799/1799
f 1797/1797/1797 1799/1799/1799 1800/1800/1800
f 1801/1801/1801 1802/1802/1802 1803/1803/1803
f 1801/1801/1801 1803/1803/1803 1804/1804/1804
f 1805/1805/1805 1806/1806/1806 1807/1807/1807
f 1805/1805/1805 1807/1807/1807 1808/1808/1808
